"Path","Slice Name","Alias(s)","Label","Min","Max","Must Support?","Is Modifier?","Is Summary?","Type(s)","Short","Definition","Comments","Requirements","Default Value","Meaning When Missing","Fixed Value","Pattern","Example","Minimum Value","Maximum Value","Maximum Length","Binding Strength","Binding Description","Binding Value Set","Code","Slicing Discriminator","Slicing Description","Slicing Ordered","Slicing Rules","Base Path","Base Min","Base Max","Condition(s)","Constraint(s)","Mapping: RIM Mapping"
"BeBevolkingsonderzoek","","","",0,*,"","","","","Base for all elements","Logical model for recurrent popultation based screening (Bevolkingsonderzoek). The model represents one iteration of a screening, called episode. A patiënt can have multiple episodes for a given screening. A screening of a specific type for a given patiënt can be repeated after a certain period. Each time the screening is repeated results in a new episode.","","","","","","","","","",,,,,"",,,,"Element",0,*,"ele-1
","ele-1:All FHIR elements must have a @value or children {hasValue() or (children().count() > id.count())}
","n/a"
"BeBevolkingsonderzoek.id","","","",0,1,"","","","string {[]} {[]}
","Unique id for inter-element referencing","Unique id for the element within a resource (for internal references). This may be any string value that does not contain spaces.","","","","","","","","","",,,,,"",,,,"Element.id",0,1,"","","n/a"
"BeBevolkingsonderzoek.extension","","extensions
user content","",0,*,"","","","Extension {[]} {[]}
","Additional content defined by implementations","May be used to represent additional information that is not part of the basic definition of the element. To make the use of extensions safe and manageable, there is a strict set of governance  applied to the definition and use of extensions. Though any implementer can define an extension, there is a set of requirements that SHALL be met as part of the definition of the extension.","There can be no stigma associated with the use of extensions by any application, project, or standard - regardless of the institution or jurisdiction that uses or defines the extensions.  The use of extensions is what allows the FHIR specification to retain a core level of simplicity for everyone.","","","","","","","","",,,,,"","value:url}
","Extensions are always sliced by (at least) url",,"open","Element.extension",0,*,"","ele-1:All FHIR elements must have a @value or children {hasValue() or (children().count() > id.count())}
ext-1:Must have either extensions or value[x], not both {extension.exists() != value.exists()}","n/a"
"BeBevolkingsonderzoek.patient","","","",1,1,"","","","Reference {[]} {[CanonicalType[http://hl7.org/fhir/StructureDefinition/Patient]]}
","The patiënt for the screening.","The patiënt for the screening.","","","","","","","","","",,,,,"",,,,"BeBevolkingsonderzoek.patient",1,1,"",""
"BeBevolkingsonderzoek.screeningType","","","",1,1,"","","","CodeableConcept {[]} {[]}
","The related screening","The related screening, for example breastcancer, coloncancer or cervicalcancer.","","","","","","","","","",,,,,"",,,,"BeBevolkingsonderzoek.screeningType",1,1,"",""
"BeBevolkingsonderzoek.screeningYear","","","",1,1,"","","","string {[]} {[]}
","The calender year of the screening.","The year the screening process/episode for the given screenig. If the patiënt participated, the participation year is taken. If the patiënt didn't participate, the calender year of the invitation is taken. 
If there is no invitation or participation, there will be no episode.
For example, if patiënt is allowed a population based screening every 2 years for a given screening type and the first screening episode invitation took place in 2022, the next episode will be created for the next invitation in 2024. 
If the patiënt has a refusal or exclusion registered and does not have a participation/invitation, so the patiënt does not have any episodes, the calender year of the registration of the refusal/exclusion is taken.","","","","","","","","","",,,,,"",,,,"BeBevolkingsonderzoek.screeningYear",1,1,"",""
"BeBevolkingsonderzoek.invitation","","","",0,1,"","","","BackboneElement {[]} {[]}
","The appointment details of the invitation.","An invitation is not mandatory, in some cases a patiënt can participate for a screening without an invitation.","","","","","","","","","",,,,,"",,,,"BeBevolkingsonderzoek.invitation",0,1,"",""
"BeBevolkingsonderzoek.invitation.Date","","","",1,1,"","","","date {[]} {[]}
","The date the patiënt is invited to participate in the population based screening.","The date the patiënt is invited to participate in the population based screening.","","","","","","","","","",,,,,"",,,,"BeBevolkingsonderzoek.invitation.Date",1,1,"",""
"BeBevolkingsonderzoek.invitation.locationName","","","",0,1,"","","","string {[]} {[]}
","Human readable name of the location where the patiënt is invited to participate.","For some screenings, but not all, a location is provided for the patiënt.","","","","","","","","","",,,,,"",,,,"BeBevolkingsonderzoek.invitation.locationName",0,1,"",""
"BeBevolkingsonderzoek.invitation.locationAddress","","","",0,1,"","","","string {[]} {[]}
","Human readable address of the invitation location.","For some screenings, but not all, a location is provided for the patiënt.","","","","","","","","","",,,,,"",,,,"BeBevolkingsonderzoek.invitation.locationAddress",0,1,"",""
"BeBevolkingsonderzoek.participation","","","",0,1,"","","","BackboneElement {[]} {[]}
","The participation details.","A participation is not mandatory. A patiënt can choose not to participate for a screening.","","","","","","","","","",,,,,"",,,,"BeBevolkingsonderzoek.participation",0,1,"",""
"BeBevolkingsonderzoek.participation.date","","","",1,1,"","","","date {[]} {[]}
","The date the patiënt participated in the population based screening.","The date the patiënt participated in the population based screening.","","","","","","","","","",,,,,"",,,,"BeBevolkingsonderzoek.participation.date",1,1,"",""
"BeBevolkingsonderzoek.participation.locationName","","","",0,1,"","","","string {[]} {[]}
","Human readable name of the location where the patiënt participated.","For some screenings, but not all, a location is provided for the patiënt.","","","","","","","","","",,,,,"",,,,"BeBevolkingsonderzoek.participation.locationName",0,1,"",""
"BeBevolkingsonderzoek.participation.locationAddress","","","",0,1,"","","","string {[]} {[]}
","Human readable address of the participation location.","For some screenings, but not all, a location is provided for the patiënt.","","","","","","","","","",,,,,"",,,,"BeBevolkingsonderzoek.participation.locationAddress",0,1,"",""
"BeBevolkingsonderzoek.participation.result","","","",0,1,"","","","CodeableConcept {[]} {[]}
","If the result of participation in the population based screening","Notify the patiënt if the result was abnormal/positive or normal/negative, (Afwijkend/Niet afwijkend)","","","","","","","","","",,,,,"",,,,"BeBevolkingsonderzoek.participation.result",0,1,"",""
"BeBevolkingsonderzoek.participation.followup","","","",0,1,"","","","CodeableConcept {[]} {[]}
","Details of proposed actions for the patiënt after the screening concluded.","This data acts purely as info for the patiënt to inform the patiënt of proposed actions and should not be followed up by the screening authority.","","","","","","","","","",,,,,"",,,,"BeBevolkingsonderzoek.participation.followup",0,1,"",""
"BeBevolkingsonderzoek.participation.followup.needed","","","",0,1,"","","","boolean {[]} {[]}
","Indication if the patiënt should request or take other examinations/steps based on the outcome of the screening.","Indication if the patiënt should request or take other examinations/steps based on the outcome of the screening.","","","","","","","","","",,,,,"",,,,"BeBevolkingsonderzoek.participation.followup.needed",0,1,"",""
"BeBevolkingsonderzoek.participation.followup.advice","","","",0,1,"","","","string {[]} {[]}
","Indication what other examinations/steps the patient should taken.","Indication what other examinations/steps the patient should taken.","","","","","","","","","",,,,,"",,,,"BeBevolkingsonderzoek.participation.followup.advice",0,1,"",""
"BeBevolkingsonderzoek.participation.followup.approved","","","",0,1,"","","","boolean {[]} {[]}
","If the patiënt has given permission to CvKO to collect follow up data (data of followup examinations/steps that follow after the screening concluded and are not organized by the screening authority.)","If the patiënt has given permission to CvKO to collect follow up data (data of followup examinations/steps that follow after the screening concluded and are not organized by the screening authority.)","","","","","","","","","",,,,,"",,,,"BeBevolkingsonderzoek.participation.followup.approved",0,1,"",""
"BeBevolkingsonderzoek.nextInvitationIndication","","","",1,1,"","","","string {[]} {[]}
","This field gives a short human readable indication for the patiënt if the patiënt can excpect future invitations for the population based screening en an estimation when the next invitation will be created. 
If the patiënt will not recieve future invitations for the screening, an short explanation will be given.","This field gives a short human readable indication for the patiënt if the patiënt can excpect future invitations for the population based screening en an estimation when the next invitation will be created. 
If the patiënt will not recieve future invitations for the screening, an short explanation will be given.","","","","","","","","","",,,,,"",,,,"BeBevolkingsonderzoek.nextInvitationIndication",1,1,"",""
