<?xml version="1.0" encoding="UTF-8"?>

<Encounter xmlns="http://hl7.org/fhir">
  <id value="BK-5-negative-example-participation"/>
  <meta>
    <profile value="https://www.ehealth.fgov.be/standards/fhir/StructureDefinition/be-bvo-encounter"/>
  </meta>
  <text>
    <status value="extensions"/><div xmlns="http://www.w3.org/1999/xhtml"><p><b>Generated Narrative</b></p><div style="display: inline-block; background-color: #d9e0e7; padding: 6px; margin: 4px; border: 1px solid #8da1b4; border-radius: 5px; line-height: 60%"><p style="margin-bottom: 0px">Resource "BK-5-negative-example-participation" </p><p style="margin-bottom: 0px">Profile: <a href="StructureDefinition-be-bvo-encounter.html">Be Bvo Encounter</a></p></div><p><b>Episode of Care</b>: <a href="EpisodeOfCare/3237640">EpisodeOfCare/3237640</a></p><p><b>status</b>: finished</p><p><b>class</b>: #AMB (Details: http://terminology.hl7.org/CodeSystem/v3-ActCode code #AMB = '#AMB', stated as 'null')</p><p><b>subject</b>: <a href="Patient-JaneDoe.html">Patient/JaneDoe</a> " DOE"</p><p><b>episodeOfCare</b>: <a href="EpisodeOfCare/3237640">EpisodeOfCare/3237640</a></p><p><b>period</b>: 2021-07-17 12:00:00+0200 --&gt; 2021-07-17 11:59:00+0200</p><h3>Locations</h3><table class="grid"><tr><td>-</td><td><b>Location</b></td></tr><tr><td>*</td><td><a href="1">1</a></td></tr></table></div>
  </text>
  <contained>
    <Location>
      <id value="1"/>
      <name value="AZ Jan Palfijn Gent"/>
      <address>
        <text value="HENRI DUNANTLAAN 5, 9000 GENT"/>
        <line value="HENRI DUNANTLAAN 5, 9000 GENT"/>
      </address>
    </Location>
  </contained>
  <extension url="http://hl7.org/fhir/StructureDefinition/workflow-episodeOfCare">
    <valueReference>
      <reference value="EpisodeOfCare/3237640"/>
    </valueReference>
  </extension>
  <status value="finished"/>
  <class>
    <system value="http://terminology.hl7.org/CodeSystem/v3-ActCode"/>
    <code value="#AMB"/>
  </class>
  <subject>
    <reference value="Patient/JaneDoe"/>
  </subject>
  <episodeOfCare>
    <reference value="EpisodeOfCare/3237640"/>
  </episodeOfCare>
  <period>
    <start value="2021-07-17T00:00:00+02:00"/>
    <end value="2021-07-17T23:59:00+02:00"/>
  </period>
  <location>
    <location>
      <reference value="1"/>
    </location>
  </location>
</Encounter>