<?xml version="1.0" encoding="UTF-8"?>

<ValueSet xmlns="http://hl7.org/fhir">
  <id value="BeBevolkingsonderzoekFollowUpOnderzoek"/>
  <text>
    <status value="generated"/><div xmlns="http://www.w3.org/1999/xhtml"><ul><li>Include these codes as defined in <code>http://axians.be/</code><table class="none"><tr><td style="white-space:nowrap"><b>Code</b></td><td><b>Display</b></td></tr><tr><td>colonoscopy</td><td>Colonoscopy</td></tr></table></li></ul></div>
  </text>
  <url value="https://www.ehealth.fgov.be/standards/fhir/ValueSet/BeBevolkingsonderzoekFollowUpOnderzoek"/>
  <version value="1.2.0-draft"/>
  <name value="BeBevolkingsonderzoekFollowUpOnderzoek"/>
  <status value="active"/>
  <date value="2022-02-25T16:33:50+00:00"/>
  <publisher value="eHealth Platform"/>
  <contact>
    <name value="eHealth Platform"/>
    <telecom>
      <system value="url"/>
      <value value="http://example.com/committees"/>
    </telecom>
    <telecom>
      <system value="email"/>
      <value value="message-structure@ehealth.fgov.be"/>
    </telecom>
  </contact>
  <contact>
    <name value="Sven Dhaens"/>
    <telecom>
      <system value="email"/>
      <value value="sven.dhaens@axians.com"/>
      <use value="work"/>
    </telecom>
  </contact>
  <contact>
    <name value="Kurt Dhaene"/>
    <telecom>
      <system value="email"/>
      <value value="kurt.dhaene@axians.com"/>
      <use value="work"/>
    </telecom>
  </contact>
  <description value="Mogelijk aangeraden vervolgonderzoek"/>
  <jurisdiction>
    <coding>
      <system value="http://unstats.un.org/unsd/methods/m49/m49.htm"/>
      <code value="056"/>
      <display value="Belgium"/>
    </coding>
  </jurisdiction>
  <compose>
    <include>
      <system value="http://axians.be/"/>
      <concept>
        <code value="colonoscopy"/>
        <display value="Colonoscopy"/>
      </concept>
    </include>
  </compose>
</ValueSet>