<?xml version="1.0" encoding="UTF-8"?>

<ValueSet xmlns="http://hl7.org/fhir">
  <id value="bevolkingsonderzoek-screening-vs"/>
  <text>
    <status value="generated"/><div xmlns="http://www.w3.org/1999/xhtml"><ul><li>Include these codes as defined in <a href="http://www.snomed.org/"><code>http://snomed.info/sct</code></a><table class="none"><tr><td style="white-space:nowrap"><b>Code</b></td><td><b>Display</b></td></tr><tr><td><a href="http://snomed.info/id/268547008">268547008</a></td><td>Borstkanker</td></tr><tr><td><a href="http://snomed.info/id/762444001">762444001</a></td><td>Dikkedarmkanker</td></tr><tr><td><a href="http://snomed.info/id/171149006">171149006</a></td><td>Baarmoederhalskanker</td></tr></table></li></ul></div>
  </text>
  <url value="https://www.ehealth.fgov.be/standards/fhir/ValueSet/bevolkingsonderzoek-screening-vs"/>
  <version value="1.2.0-draft"/>
  <name value="BevolkingsonderzoekScreeningVS"/>
  <title value="Bevolkingsonderzoek Screening VS"/>
  <status value="draft"/>
  <date value="2022-04-11T16:06:52+00:00"/>
  <publisher value="eHealth Platform"/>
  <contact>
    <name value="eHealth Platform"/>
    <telecom>
      <system value="url"/>
      <value value="http://example.com/committees"/>
    </telecom>
    <telecom>
      <system value="email"/>
      <value value="message-structure@ehealth.fgov.be"/>
    </telecom>
  </contact>
  <contact>
    <name value="Sven Dhaens"/>
    <telecom>
      <system value="email"/>
      <value value="sven.dhaens@axians.com"/>
      <use value="work"/>
    </telecom>
  </contact>
  <contact>
    <name value="Kurt Dhaene"/>
    <telecom>
      <system value="email"/>
      <value value="kurt.dhaene@axians.com"/>
      <use value="work"/>
    </telecom>
  </contact>
  <description value="Bevolkingsonderzoek screening types"/>
  <jurisdiction>
    <coding>
      <system value="http://unstats.un.org/unsd/methods/m49/m49.htm"/>
      <code value="056"/>
      <display value="Belgium"/>
    </coding>
  </jurisdiction>
  <compose>
    <include>
      <system value="http://snomed.info/sct"/>
      <concept>
        <code value="268547008"/>
        <display value="Borstkanker"/>
      </concept>
      <concept>
        <code value="762444001"/>
        <display value="Dikkedarmkanker"/>
      </concept>
      <concept>
        <code value="171149006"/>
        <display value="Baarmoederhalskanker"/>
      </concept>
    </include>
  </compose>
</ValueSet>