<?xml version="1.0" encoding="UTF-8"?>

<Appointment xmlns="http://hl7.org/fhir">
  <id value="ColonCancerScreeningAppointment"/>
  <meta>
    <profile value="https://www.ehealth.fgov.be/standards/fhir/StructureDefinition/be-bvo-appointment"/>
  </meta>
  <text>
    <status value="extensions"/><div xmlns="http://www.w3.org/1999/xhtml"><p><b>Generated Narrative</b></p><div style="display: inline-block; background-color: #d9e0e7; padding: 6px; margin: 4px; border: 1px solid #8da1b4; border-radius: 5px; line-height: 60%"><p style="margin-bottom: 0px">Resource "ColonCancerScreeningAppointment" </p><p style="margin-bottom: 0px">Profile: <a href="StructureDefinition-be-bvo-appointment.html">Be Bvo Appointment</a></p></div><p><b>Episode of Care</b>: <a href="example">example</a> "ACME-EHR"</p><p><b>status</b>: booked</p><p><b>start</b>: Mar 15, 2022, 8:15:00 AM</p><h3>Participants</h3><table class="grid"><tr><td>-</td><td><b>Actor</b></td><td><b>Status</b></td></tr><tr><td>*</td><td><a href="https://simplifier.net/resolve?scope=ehealthplatform.be.r4.federalprofiles@1.2.2&amp;canonical=http://https://simplifier.net/ehealthplatformfederalprofiles/examplePatient">examplePatient</a></td><td>tentative</td></tr></table></div>
  </text>
  <extension url="http://hl7.org/fhir/StructureDefinition/workflow-episodeOfCare">
    <valueReference>
      <reference value="example"/>
    </valueReference>
  </extension>
  <status value="booked"/>
  <start value="2022-03-15T10:15:00.000+02:00"/>
  <participant>
    <actor>
      <reference value="examplePatient"/>
    </actor>
    <status value="tentative"/>
  </participant>
</Appointment>