[
  {
    "id": "fed.be.core.bevolkingsonderzoek-ig",
    "type": "ImplementationGuide",
    "url": "http://example.com/fhir/example",
    "version": "1.2.0-draft",
    "name": "TheCoreBelgianFederalFHIRProfilesBevolkingsonderzoekIG"
  },
  {
    "id": "BeCSBevolkingsonderzoekFollowUpAdvice",
    "type": "CodeSystem",
    "url": "https://www.ehealth.fgov.be/standards/fhir/CodeSystem/BeCSBevolkingsonderzoekFollowUpAdvice",
    "version": "1.2.0-draft",
    "name": "BeCSBevolkingsonderzoekFollowUpAdvice"
  },
  {
    "id": "Be-Bvo-EpisodeOfCare",
    "type": "StructureDefinition",
    "url": "https://www.ehealth.fgov.be/standards/fhir/StructureDefinition/Be-Bvo-EpisodeOfCare",
    "version": "1.2.0-draft",
    "name": "BePopulationBasedScreeningEpisodeOfCare"
  },
  {
    "id": "BvoConditionCode",
    "type": "StructureDefinition",
    "url": "https://www.ehealth.fgov.be/standards/fhir/StructureDefinition/BvoConditionCode",
    "version": "1.2.0-draft",
    "name": "BvoConditionCode"
  },
  {
    "id": "BvoNextInvitationIndication",
    "type": "StructureDefinition",
    "url": "https://www.ehealth.fgov.be/standards/fhir/StructureDefinition/BvoNextInvitationIndication",
    "version": "1.2.0-draft",
    "name": "BvoNextInvitationIndication"
  },
  {
    "id": "be-bevolkingsonderzoek-follow-up",
    "type": "StructureDefinition",
    "url": "https://www.ehealth.fgov.be/standards/fhir/StructureDefinition/be-bevolkingsonderzoek-follow-up",
    "version": "1.2.0-draft",
    "name": "BeBevolkingsonderzoekFollowUp"
  },
  {
    "id": "be-bevolkingsonderzoek-follow-up-goedkeuring",
    "type": "StructureDefinition",
    "url": "https://www.ehealth.fgov.be/standards/fhir/StructureDefinition/be-bevolkingsonderzoek-follow-up-goedkeuring",
    "version": "1.2.0-draft",
    "name": "BeExtBevolkingsonderzoekFollowUpGoedkeuring"
  },
  {
    "id": "be-bvo-appointment",
    "type": "StructureDefinition",
    "url": "https://www.ehealth.fgov.be/standards/fhir/StructureDefinition/be-bvo-appointment",
    "version": "1.2.0-draft",
    "name": "BeBvoAppointment"
  },
  {
    "id": "BeVSBevolkingsonderzoekFollowUpAdvice",
    "type": "ValueSet",
    "url": "https://www.ehealth.fgov.be/standards/fhir/ValueSet/BeVSBevolkingsonderzoekFollowUpAdvice",
    "version": "1.2.0-draft",
    "name": "BeVSBevolkingsonderzoekFollowUpAdvice"
  },
  {
    "id": "BvoConditionCodeVS",
    "type": "ValueSet",
    "url": "https://www.ehealth.fgov.be/standards/fhir/ValueSet/BvoConditionCodeVS",
    "version": "1.2.0-draft",
    "name": "BvoConditionCodeVS"
  }
]