{
  "resourceType": "Patient",
  "id": "examplePatient",
  "meta": {
    "profile": [
      "https://www.ehealth.fgov.be/standards/fhir/StructureDefinition/be-patient"
    ]
  },
  "text": {
    "status": "generated",
    "div": "<div xmlns=\"http://www.w3.org/1999/xhtml\"><p><b>Jim </b> (no stated gender) 1974-12-25 ( Social Beneficiary Identifier: 12345 (OFFICIAL))</p></div>"
  },
  "identifier": [
    {
      "use": "official",
      "type": {
        "coding": [
          {
            "system": "http://terminology.hl7.org/CodeSystem/v2-0203",
            "code": "SB",
            "display": "Social Beneficiary Identifier"
          }
        ]
      },
      "system": "https://www.ehealth.fgov.be/standards/fhir/NamingSystem/ssin",
      "value": "12345"
    }
  ],
  "name": [
    {
      "use": "official",
      "family": "Chalmers",
      "given": [
        "Peter",
        "James"
      ]
    },
    {
      "use": "usual",
      "given": [
        "Jim"
      ]
    },
    {
      "use": "maiden",
      "family": "Windsor",
      "given": [
        "Peter",
        "James"
      ]
    }
  ],
  "telecom": [
    {
      "use": "home"
    },
    {
      "system": "phone",
      "value": "(03) 5555 6473",
      "use": "work",
      "rank": 1
    },
    {
      "system": "phone",
      "value": "(03) 3410 5613",
      "use": "mobile",
      "rank": 2
    },
    {
      "system": "phone",
      "value": "(03) 5555 8834",
      "use": "old",
      "period": {
        "end": "2014"
      }
    }
  ],
  "gender": "male",
  "birthDate": "1974-12-25",
  "_birthDate": {
    "extension": [
      {
        "url": "http://hl7.org/fhir/StructureDefinition/patient-birthTime",
        "valueDateTime": "1974-12-25T14:35:45-05:00"
      }
    ]
  },
  "deceasedBoolean": false,
  "address": [
    {
      "use": "home",
      "type": "both",
      "text": "534 Erewhon St PeasantVille, Rainbow, Vic  3999",
      "line": [
        "534 Erewhon St"
      ],
      "city": "PleasantVille",
      "district": "Rainbow",
      "state": "Vic",
      "postalCode": "9000",
      "period": {
        "start": "1974-12-25"
      }
    }
  ],
  "contact": [
    {
      "relationship": [
        {
          "coding": [
            {
              "system": "http://terminology.hl7.org/CodeSystem/v2-0131",
              "code": "N"
            }
          ]
        }
      ],
      "name": {
        "family": "du Marché",
        "_family": {
          "extension": [
            {
              "url": "http://hl7.org/fhir/StructureDefinition/humanname-own-prefix",
              "valueString": "VV"
            }
          ]
        },
        "given": [
          "Bénédicte"
        ]
      },
      "telecom": [
        {
          "system": "phone",
          "value": "+32 (050) 998327"
        }
      ],
      "address": {
        "use": "home",
        "type": "both",
        "line": [
          "534 Erewhon St"
        ],
        "city": "PleasantVille",
        "district": "Rainbow",
        "state": "Vic",
        "postalCode": "3999",
        "period": {
          "start": "1974-12-25"
        }
      },
      "gender": "male",
      "period": {
        "start": "2012"
      }
    }
  ]
}