{
  "package": "fed.be.core.bevolkingsonderzoek-ig",
  "version": "1.2.0-draft",
  "fhirVersion": "4.0.1",
  "jurisdiction": "056",
  "extensions": [
    {
      "url": "https://www.ehealth.fgov.be/standards/fhir/StructureDefinition/BvoConditionCode",
      "title": "BvoConditionCode",
      "types": [
        "CodeableConcept"
      ]
    },
    {
      "url": "https://www.ehealth.fgov.be/standards/fhir/StructureDefinition/BvoNextInvitationIndication",
      "title": "BvoNextInvitationIndication",
      "types": [
        "date"
      ]
    },
    {
      "url": "https://www.ehealth.fgov.be/standards/fhir/StructureDefinition/be-bevolkingsonderzoek-follow-up-goedkeuring",
      "title": "Be Bevolkingsonderzoek follow Up Goedkeuring",
      "types": [
        "boolean"
      ]
    }
  ],
  "profiles": {
    "EpisodeOfCare": [
      {
        "url": "https://www.ehealth.fgov.be/standards/fhir/StructureDefinition/Be-Bvo-EpisodeOfCare",
        "title": "BE Episode Bevolkingsonderzoek"
      }
    ],
    "ServiceRequest": [
      {
        "url": "https://www.ehealth.fgov.be/standards/fhir/StructureDefinition/be-bevolkingsonderzoek-follow-up",
        "title": "Be Bevolkingsonderzoek Follow Up"
      }
    ],
    "Appointment": [
      {
        "url": "https://www.ehealth.fgov.be/standards/fhir/StructureDefinition/be-bvo-appointment",
        "title": "Be Bvo Appointment"
      }
    ]
  },
  "usage": {
    "http://hl7.org/fhir/StructureDefinition/elementdefinition-bestpractice": [
      "StructureDefinition.snapshot.element.constraint"
    ],
    "http://hl7.org/fhir/StructureDefinition/elementdefinition-bestpractice-explanation": [
      "StructureDefinition.snapshot.element.constraint"
    ],
    "http://hl7.org/fhir/StructureDefinition/elementdefinition-bindingName": [
      "StructureDefinition.snapshot.element.binding"
    ],
    "http://hl7.org/fhir/StructureDefinition/elementdefinition-isCommonBinding": [
      "StructureDefinition.snapshot.element.binding"
    ],
    "http://hl7.org/fhir/StructureDefinition/elementdefinition-maxValueSet": [
      "StructureDefinition.snapshot.element.binding"
    ],
    "http://hl7.org/fhir/StructureDefinition/structuredefinition-category": [
      "StructureDefinition"
    ],
    "http://hl7.org/fhir/StructureDefinition/structuredefinition-explicit-type-name": [
      "StructureDefinition.snapshot.element"
    ],
    "http://hl7.org/fhir/StructureDefinition/structuredefinition-fhir-type": [
      "StructureDefinition.snapshot.element.type"
    ],
    "http://hl7.org/fhir/StructureDefinition/structuredefinition-security-category": [
      "StructureDefinition"
    ],
    "http://hl7.org/fhir/StructureDefinition/workflow-episodeOfCare": [
      "Appointment"
    ],
    "http://hl7.org/fhir/tools/StructureDefinition/ig-parameter": [
      "ImplementationGuide.definition"
    ],
    "http://hl7.org/fhir/tools/StructureDefinition/resource-information": [
      "ImplementationGuide.definition.resource"
    ],
    "https://www.ehealth.fgov.be/standards/fhir/StructureDefinition/BvoConditionCode": [
      "EpisodeOfCare"
    ],
    "https://www.ehealth.fgov.be/standards/fhir/StructureDefinition/BvoNextInvitationIndication": [
      "EpisodeOfCare"
    ],
    "https://www.ehealth.fgov.be/standards/fhir/StructureDefinition/be-bevolkingsonderzoek-follow-up-goedkeuring": [
      "ServiceRequest"
    ]
  }
}