{
  "resourceType": "Appointment",
  "id": "BreastCancerScreeningAppointment",
  "meta": {
    "profile": [
      "https://www.ehealth.fgov.be/standards/fhir/StructureDefinition/be-bvo-appointment"
    ]
  },
  "text": {
    "status": "extensions",
    "div": "<div xmlns=\"http://www.w3.org/1999/xhtml\"><p><b>Generated Narrative</b></p><div style=\"display: inline-block; background-color: #d9e0e7; padding: 6px; margin: 4px; border: 1px solid #8da1b4; border-radius: 5px; line-height: 60%\"><p style=\"margin-bottom: 0px\">Resource \"BreastCancerScreeningAppointment\" </p><p style=\"margin-bottom: 0px\">Profile: <a href=\"StructureDefinition-be-bvo-appointment.html\">Be Bvo Appointment</a></p></div><p><b>Episode of Care</b>: <a href=\"example\">example</a> \"ACME-EHR\"</p><p><b>status</b>: booked</p><p><b>start</b>: Mar 15, 2022, 8:15:00 AM</p><blockquote><p><b>participant</b></p><p><b>actor</b>: <a href=\"https://simplifier.net/resolve?scope=ehealthplatform.be.r4.federalprofiles@1.2.2&amp;canonical=http://https://simplifier.net/ehealthplatformfederalprofiles/examplePatient\">examplePatient</a></p><p><b>status</b>: tentative</p></blockquote><blockquote><p><b>participant</b></p><p><b>actor</b>: <a name=\"mammographicUnit\"> </a></p><blockquote><div style=\"display: inline-block; background-color: #d9e0e7; padding: 6px; margin: 4px; border: 1px solid #8da1b4; border-radius: 5px; line-height: 60%\"><p style=\"margin-bottom: 0px\">Resource \"mammographicUnit\" </p></div><p><b>name</b>: Mammografic unit example name</p><p><b>address</b>: Merelbeke 9820 BE </p></blockquote><p><b>status</b>: accepted</p></blockquote></div>"
  },
  "contained": [
    {
      "resourceType": "Location",
      "id": "mammographicUnit",
      "name": "Mammografic unit example name",
      "address": {
        "city": "Merelbeke",
        "postalCode": "9820",
        "country": "BE"
      }
    }
  ],
  "extension": [
    {
      "url": "http://hl7.org/fhir/StructureDefinition/workflow-episodeOfCare",
      "valueReference": {
        "reference": "example"
      }
    }
  ],
  "status": "booked",
  "start": "2022-03-15T10:15:00.000+02:00",
  "participant": [
    {
      "actor": {
        "reference": "examplePatient"
      },
      "status": "tentative"
    },
    {
      "actor": {
        "reference": "#mammographicUnit"
      },
      "status": "accepted"
    }
  ]
}