{
  "resourceType": "EpisodeOfCare",
  "id": "exampleEpisodeBevolkingsonderzoek",
  "meta": {
    "profile": [
      "https://www.ehealth.fgov.be/standards/fhir/StructureDefinition/Be-Bvo-EpisodeOfCare"
    ]
  },
  "text": {
    "status": "generated",
    "div": "<div xmlns=\"http://www.w3.org/1999/xhtml\"><p><b>Generated Narrative</b></p><div style=\"display: inline-block; background-color: #d9e0e7; padding: 6px; margin: 4px; border: 1px solid #8da1b4; border-radius: 5px; line-height: 60%\"><p style=\"margin-bottom: 0px\">Resource \"exampleEpisodeBevolkingsonderzoek\" </p><p style=\"margin-bottom: 0px\">Profile: <a href=\"StructureDefinition-Be-Bvo-EpisodeOfCare.html\">BE Episode Bevolkingsonderzoek</a></p></div><p><b>identifier</b>: id: 123</p><p><b>status</b>: active</p><p><b>type</b>: Dikkedarmkanker <span style=\"background: LightGoldenRodYellow; margin: 4px; border: 1px solid khaki\"> (SNOMED CT#762444001)</span></p><p><b>patient</b>: <a href=\"Patient-exampleMaleBePatient.html\">Patient/exampleMaleBePatient</a> \" JACK\"</p><p><b>managingOrganization</b>: <a href=\"Organization-CvKO.html\">Organization/CvKO</a> \"Centrum voor Kankeropsporing\"</p><p><b>period</b>: 2014-09-01 --&gt; (ongoing)</p></div>"
  },
  "identifier": [
    {
      "system": "http://example.org/sampleepisodeofcare-identifier",
      "value": "123"
    }
  ],
  "status": "active",
  "type": [
    {
      "coding": [
        {
          "system": "http://snomed.info/sct/",
          "code": "762444001"
        }
      ],
      "text": "Dikkedarmkanker"
    }
  ],
  "patient": {
    "reference": "Patient/exampleMaleBePatient"
  },
  "managingOrganization": {
    "reference": "Organization/CvKO"
  },
  "period": {
    "start": "2014-09-01"
  }
}