{
  "resourceType": "ImplementationGuide",
  "id": "fed.be.core.bevolkingsonderzoek-ig",
  "text": {
    "status": "extensions",
    "div": "<div xmlns=\"http://www.w3.org/1999/xhtml\"><h2>TheCoreBelgianFederalFHIRProfilesBevolkingsonderzoekIG</h2><p>The official URL for this implementation guide is: </p><pre>http://example.com/fhir/example</pre><div><p>Bevolkingsonderzoek IG exercises many of the fields in a SUSHI configuration.</p>\n</div></div>"
  },
  "url": "http://example.com/fhir/example",
  "version": "1.2.0-draft",
  "name": "TheCoreBelgianFederalFHIRProfilesBevolkingsonderzoekIG",
  "title": "HL7 FHIR Implementation Guide: Bevolkingsonderzoek IG Release 1 - BE Realm | STU1",
  "status": "active",
  "date": "2020-02-26",
  "publisher": "eHealth Platform",
  "contact": [
    {
      "name": "eHealth Platform",
      "telecom": [
        {
          "system": "url",
          "value": "http://example.com/committees"
        },
        {
          "system": "email",
          "value": "message-structure@ehealth.fgov.be"
        }
      ]
    },
    {
      "name": "Sven Dhaens",
      "telecom": [
        {
          "system": "email",
          "value": "sven.dhaens@axians.com",
          "use": "work"
        }
      ]
    },
    {
      "name": "Kurt Dhaene",
      "telecom": [
        {
          "system": "email",
          "value": "kurt.dhaene@axians.com",
          "use": "work"
        }
      ]
    }
  ],
  "description": "Bevolkingsonderzoek IG exercises many of the fields in a SUSHI configuration.",
  "jurisdiction": [
    {
      "coding": [
        {
          "system": "http://unstats.un.org/unsd/methods/m49/m49.htm",
          "code": "056",
          "display": "Belgium"
        }
      ]
    }
  ],
  "packageId": "fed.be.core.bevolkingsonderzoek-ig",
  "license": "CC0-1.0",
  "fhirVersion": [
    "4.0.1"
  ],
  "dependsOn": [
    {
      "id": "hl7_be_fhir_core",
      "uri": "https://www.hl7belgium.org/fhir/ImplementationGuide/hl7.be.fhir.core",
      "packageId": "hl7.be.fhir.core",
      "version": "current"
    }
  ],
  "definition": {
    "extension": [
      {
        "extension": [
          {
            "url": "code",
            "valueString": "copyrightyear"
          },
          {
            "url": "value",
            "valueString": "2021+"
          }
        ],
        "url": "http://hl7.org/fhir/tools/StructureDefinition/ig-parameter"
      },
      {
        "extension": [
          {
            "url": "code",
            "valueString": "releaselabel"
          },
          {
            "url": "value",
            "valueString": "STU1"
          }
        ],
        "url": "http://hl7.org/fhir/tools/StructureDefinition/ig-parameter"
      },
      {
        "extension": [
          {
            "url": "code",
            "valueString": "path-liquid"
          },
          {
            "url": "value",
            "valueString": "template/liquid"
          }
        ],
        "url": "http://hl7.org/fhir/tools/StructureDefinition/ig-parameter"
      },
      {
        "extension": [
          {
            "url": "code",
            "valueString": "path-liquid"
          },
          {
            "url": "value",
            "valueString": "input/liquid"
          }
        ],
        "url": "http://hl7.org/fhir/tools/StructureDefinition/ig-parameter"
      },
      {
        "extension": [
          {
            "url": "code",
            "valueString": "path-qa"
          },
          {
            "url": "value",
            "valueString": "temp/qa"
          }
        ],
        "url": "http://hl7.org/fhir/tools/StructureDefinition/ig-parameter"
      },
      {
        "extension": [
          {
            "url": "code",
            "valueString": "path-temp"
          },
          {
            "url": "value",
            "valueString": "temp/pages"
          }
        ],
        "url": "http://hl7.org/fhir/tools/StructureDefinition/ig-parameter"
      },
      {
        "extension": [
          {
            "url": "code",
            "valueString": "path-output"
          },
          {
            "url": "value",
            "valueString": "output"
          }
        ],
        "url": "http://hl7.org/fhir/tools/StructureDefinition/ig-parameter"
      },
      {
        "extension": [
          {
            "url": "code",
            "valueString": "path-suppressed-warnings"
          },
          {
            "url": "value",
            "valueString": "input/ignoreWarnings.txt"
          }
        ],
        "url": "http://hl7.org/fhir/tools/StructureDefinition/ig-parameter"
      },
      {
        "extension": [
          {
            "url": "code",
            "valueString": "path-history"
          },
          {
            "url": "value",
            "valueString": "history.html"
          }
        ],
        "url": "http://hl7.org/fhir/tools/StructureDefinition/ig-parameter"
      },
      {
        "extension": [
          {
            "url": "code",
            "valueString": "template-html"
          },
          {
            "url": "value",
            "valueString": "template-page.html"
          }
        ],
        "url": "http://hl7.org/fhir/tools/StructureDefinition/ig-parameter"
      },
      {
        "extension": [
          {
            "url": "code",
            "valueString": "template-md"
          },
          {
            "url": "value",
            "valueString": "template-page-md.html"
          }
        ],
        "url": "http://hl7.org/fhir/tools/StructureDefinition/ig-parameter"
      },
      {
        "extension": [
          {
            "url": "code",
            "valueString": "apply-contact"
          },
          {
            "url": "value",
            "valueString": "true"
          }
        ],
        "url": "http://hl7.org/fhir/tools/StructureDefinition/ig-parameter"
      },
      {
        "extension": [
          {
            "url": "code",
            "valueString": "apply-context"
          },
          {
            "url": "value",
            "valueString": "true"
          }
        ],
        "url": "http://hl7.org/fhir/tools/StructureDefinition/ig-parameter"
      },
      {
        "extension": [
          {
            "url": "code",
            "valueString": "apply-copyright"
          },
          {
            "url": "value",
            "valueString": "true"
          }
        ],
        "url": "http://hl7.org/fhir/tools/StructureDefinition/ig-parameter"
      },
      {
        "extension": [
          {
            "url": "code",
            "valueString": "apply-jurisdiction"
          },
          {
            "url": "value",
            "valueString": "true"
          }
        ],
        "url": "http://hl7.org/fhir/tools/StructureDefinition/ig-parameter"
      },
      {
        "extension": [
          {
            "url": "code",
            "valueString": "apply-license"
          },
          {
            "url": "value",
            "valueString": "true"
          }
        ],
        "url": "http://hl7.org/fhir/tools/StructureDefinition/ig-parameter"
      },
      {
        "extension": [
          {
            "url": "code",
            "valueString": "apply-publisher"
          },
          {
            "url": "value",
            "valueString": "true"
          }
        ],
        "url": "http://hl7.org/fhir/tools/StructureDefinition/ig-parameter"
      },
      {
        "extension": [
          {
            "url": "code",
            "valueString": "apply-version"
          },
          {
            "url": "value",
            "valueString": "true"
          }
        ],
        "url": "http://hl7.org/fhir/tools/StructureDefinition/ig-parameter"
      },
      {
        "extension": [
          {
            "url": "code",
            "valueString": "active-tables"
          },
          {
            "url": "value",
            "valueString": "true"
          }
        ],
        "url": "http://hl7.org/fhir/tools/StructureDefinition/ig-parameter"
      },
      {
        "extension": [
          {
            "url": "code",
            "valueString": "fmm-definition"
          },
          {
            "url": "value",
            "valueString": "http://hl7.org/fhir/versions.html#maturity"
          }
        ],
        "url": "http://hl7.org/fhir/tools/StructureDefinition/ig-parameter"
      },
      {
        "extension": [
          {
            "url": "code",
            "valueString": "propagate-status"
          },
          {
            "url": "value",
            "valueString": "true"
          }
        ],
        "url": "http://hl7.org/fhir/tools/StructureDefinition/ig-parameter"
      },
      {
        "extension": [
          {
            "url": "code",
            "valueString": "excludelogbinaryformat"
          },
          {
            "url": "value",
            "valueString": "true"
          }
        ],
        "url": "http://hl7.org/fhir/tools/StructureDefinition/ig-parameter"
      }
    ],
    "resource": [
      {
        "extension": [
          {
            "url": "http://hl7.org/fhir/tools/StructureDefinition/resource-information",
            "valueString": "StructureDefinition:resource"
          }
        ],
        "reference": {
          "reference": "StructureDefinition/be-bevolkingsonderzoek-follow-up"
        },
        "name": "Be Bevolkingsonderzoek Follow Up",
        "description": "These are an indication which actions a patiënt can take next or which follow up examinations are proposed. This is a proposal. \nThis resource exists to notify the patiënt that the patiënt should request additional examinations if the result was positive. \nIf the screening was negative, the follow up examination should not be performed. In case of a negative result, the resource should not exist.",
        "exampleBoolean": false
      },
      {
        "extension": [
          {
            "url": "http://hl7.org/fhir/tools/StructureDefinition/resource-information",
            "valueString": "StructureDefinition:resource"
          }
        ],
        "reference": {
          "reference": "StructureDefinition/be-bvo-appointment"
        },
        "name": "Be Bvo Appointment",
        "description": "Appointment for bevolkingsonderzoek",
        "exampleBoolean": false
      },
      {
        "extension": [
          {
            "url": "http://hl7.org/fhir/tools/StructureDefinition/resource-information",
            "valueString": "StructureDefinition:resource"
          }
        ],
        "reference": {
          "reference": "StructureDefinition/be-bvo-encounter"
        },
        "name": "Be Bvo Encounter",
        "description": "Encounter for screening - deelname aan bevolkingsonderzoek",
        "exampleBoolean": false
      },
      {
        "extension": [
          {
            "url": "http://hl7.org/fhir/tools/StructureDefinition/resource-information",
            "valueString": "StructureDefinition:resource"
          }
        ],
        "reference": {
          "reference": "StructureDefinition/be-bvo-observation"
        },
        "name": "Be Bvo Observation",
        "description": "Observation result of screening",
        "exampleBoolean": false
      },
      {
        "extension": [
          {
            "url": "http://hl7.org/fhir/tools/StructureDefinition/resource-information",
            "valueString": "StructureDefinition:resource"
          }
        ],
        "reference": {
          "reference": "StructureDefinition/be-location"
        },
        "name": "Be Location",
        "description": "Location with BE address",
        "exampleBoolean": false
      },
      {
        "extension": [
          {
            "url": "http://hl7.org/fhir/tools/StructureDefinition/resource-information",
            "valueString": "StructureDefinition:resource"
          }
        ],
        "reference": {
          "reference": "StructureDefinition/Be-Bvo-EpisodeOfCare"
        },
        "name": "BE Episode Bevolkingsonderzoek",
        "description": "Manages a recurring periodical workflow for diagnostics in regard to a specific Condition.",
        "exampleBoolean": false
      },
      {
        "extension": [
          {
            "url": "http://hl7.org/fhir/tools/StructureDefinition/resource-information",
            "valueString": "StructureDefinition:extension"
          }
        ],
        "reference": {
          "reference": "StructureDefinition/BvoNextInvitationIndication"
        },
        "name": "BvoNextInvitationIndication",
        "description": "This is variable text giving an estimate when the next screening is scheduled, if there is any and why.",
        "exampleBoolean": false
      },
      {
        "extension": [
          {
            "url": "http://hl7.org/fhir/tools/StructureDefinition/resource-information",
            "valueString": "StructureDefinition:extension"
          }
        ],
        "reference": {
          "reference": "StructureDefinition/BvoNextInvitationIndicationDate"
        },
        "name": "BvoNextInvitationIndicationDate",
        "description": "The estimated date on which to expect the next invitation",
        "exampleBoolean": false
      },
      {
        "extension": [
          {
            "url": "http://hl7.org/fhir/tools/StructureDefinition/resource-information",
            "valueString": "StructureDefinition:logical"
          }
        ],
        "reference": {
          "reference": "StructureDefinition/BeBevolkingsonderzoek"
        },
        "name": "BeBevolkingsonderzoek",
        "description": "Logical model for recurrent popultation based screening (Bevolkingsonderzoek). The model represents one iteration of a screening, called episode. A patiënt can have multiple episodes for a given screening. A screening of a specific type for a given patiënt can be repeated after a certain period. Each time the screening is repeated results in a new episode.",
        "exampleBoolean": false
      },
      {
        "extension": [
          {
            "url": "http://hl7.org/fhir/tools/StructureDefinition/resource-information",
            "valueString": "ValueSet"
          }
        ],
        "reference": {
          "reference": "ValueSet/be-bvo-result-vs"
        },
        "name": "Be Bvo Result VS",
        "description": "Result",
        "exampleBoolean": false
      },
      {
        "extension": [
          {
            "url": "http://hl7.org/fhir/tools/StructureDefinition/resource-information",
            "valueString": "ValueSet"
          }
        ],
        "reference": {
          "reference": "ValueSet/be-vsbevolkingsonderzoek-body-site-location"
        },
        "name": "Be VS Bevolkingsonderzoek Body Site Location",
        "description": "Location on body",
        "exampleBoolean": false
      },
      {
        "extension": [
          {
            "url": "http://hl7.org/fhir/tools/StructureDefinition/resource-information",
            "valueString": "ValueSet"
          }
        ],
        "reference": {
          "reference": "ValueSet/BeVSBevolkingsonderzoekFollowUpAdvice"
        },
        "name": "BeVSBevolkingsonderzoekFollowUpAdvice",
        "description": "Possible follow up actions",
        "exampleBoolean": false
      },
      {
        "extension": [
          {
            "url": "http://hl7.org/fhir/tools/StructureDefinition/resource-information",
            "valueString": "ValueSet"
          }
        ],
        "reference": {
          "reference": "ValueSet/bevolkingsonderzoek-screening-vs"
        },
        "name": "Bevolkingsonderzoek Screening VS",
        "description": "Bevolkingsonderzoek screening types",
        "exampleBoolean": false
      },
      {
        "extension": [
          {
            "url": "http://hl7.org/fhir/tools/StructureDefinition/resource-information",
            "valueString": "CodeSystem"
          }
        ],
        "reference": {
          "reference": "CodeSystem/BeCSBevolkingsonderzoekFollowUpAdvice"
        },
        "name": "BeCSBevolkingsonderzoekFollowUpAdvice",
        "description": "Code system for follow up advice for Bevolkingsonderzoek screenings",
        "exampleBoolean": false
      },
      {
        "extension": [
          {
            "url": "http://hl7.org/fhir/tools/StructureDefinition/resource-information",
            "valueString": "EpisodeOfCare"
          }
        ],
        "reference": {
          "reference": "EpisodeOfCare/BK-1-no-screening-example-episode"
        },
        "name": "BK-1-no-screening-example-episode",
        "exampleCanonical": "https://www.ehealth.fgov.be/standards/fhir/StructureDefinition/Be-Bvo-EpisodeOfCare"
      },
      {
        "extension": [
          {
            "url": "http://hl7.org/fhir/tools/StructureDefinition/resource-information",
            "valueString": "EpisodeOfCare"
          }
        ],
        "reference": {
          "reference": "EpisodeOfCare/BK-2-invitation-example-episode"
        },
        "name": "BK-2-invitation-example-episode",
        "exampleCanonical": "https://www.ehealth.fgov.be/standards/fhir/StructureDefinition/Be-Bvo-EpisodeOfCare"
      },
      {
        "extension": [
          {
            "url": "http://hl7.org/fhir/tools/StructureDefinition/resource-information",
            "valueString": "Appointment"
          }
        ],
        "reference": {
          "reference": "Appointment/BK-2-invitation-example-invitation"
        },
        "name": "BK-2-invitation-example-invitation",
        "exampleCanonical": "https://www.ehealth.fgov.be/standards/fhir/StructureDefinition/be-bvo-appointment"
      },
      {
        "extension": [
          {
            "url": "http://hl7.org/fhir/tools/StructureDefinition/resource-information",
            "valueString": "Appointment"
          }
        ],
        "reference": {
          "reference": "Appointment/BK-3-invitation-participation-negative-example-appointment"
        },
        "name": "BK-3-invitation-participation-negative-example-appointment",
        "exampleCanonical": "https://www.ehealth.fgov.be/standards/fhir/StructureDefinition/be-bvo-appointment"
      },
      {
        "extension": [
          {
            "url": "http://hl7.org/fhir/tools/StructureDefinition/resource-information",
            "valueString": "Encounter"
          }
        ],
        "reference": {
          "reference": "Encounter/BK-3-invitation-participation-negative-example-encounter"
        },
        "name": "BK-3-invitation-participation-negative-example-encounter",
        "exampleCanonical": "https://www.ehealth.fgov.be/standards/fhir/StructureDefinition/be-bvo-encounter"
      },
      {
        "extension": [
          {
            "url": "http://hl7.org/fhir/tools/StructureDefinition/resource-information",
            "valueString": "EpisodeOfCare"
          }
        ],
        "reference": {
          "reference": "EpisodeOfCare/BK-3-invitation-participation-negative-example-episode"
        },
        "name": "BK-3-invitation-participation-negative-example-episode",
        "exampleCanonical": "https://www.ehealth.fgov.be/standards/fhir/StructureDefinition/Be-Bvo-EpisodeOfCare"
      },
      {
        "extension": [
          {
            "url": "http://hl7.org/fhir/tools/StructureDefinition/resource-information",
            "valueString": "Observation"
          }
        ],
        "reference": {
          "reference": "Observation/BK-3-invitation-participation-negative-example-observation"
        },
        "name": "BK-3-invitation-participation-negative-example-observation",
        "exampleCanonical": "https://www.ehealth.fgov.be/standards/fhir/StructureDefinition/be-bvo-observation"
      },
      {
        "extension": [
          {
            "url": "http://hl7.org/fhir/tools/StructureDefinition/resource-information",
            "valueString": "Encounter"
          }
        ],
        "reference": {
          "reference": "Encounter/BK-4-participation-negative-example-encounter"
        },
        "name": "BK-4-participation-negative-example-encounter",
        "exampleCanonical": "https://www.ehealth.fgov.be/standards/fhir/StructureDefinition/be-bvo-encounter"
      },
      {
        "extension": [
          {
            "url": "http://hl7.org/fhir/tools/StructureDefinition/resource-information",
            "valueString": "EpisodeOfCare"
          }
        ],
        "reference": {
          "reference": "EpisodeOfCare/BK-4-participation-negative-example-episode"
        },
        "name": "BK-4-participation-negative-example-episode",
        "exampleCanonical": "https://www.ehealth.fgov.be/standards/fhir/StructureDefinition/Be-Bvo-EpisodeOfCare"
      },
      {
        "extension": [
          {
            "url": "http://hl7.org/fhir/tools/StructureDefinition/resource-information",
            "valueString": "Observation"
          }
        ],
        "reference": {
          "reference": "Observation/BK-4-participation-negative-example-observation"
        },
        "name": "BK-4-participation-negative-example-observation",
        "exampleCanonical": "https://www.ehealth.fgov.be/standards/fhir/StructureDefinition/be-bvo-observation"
      },
      {
        "extension": [
          {
            "url": "http://hl7.org/fhir/tools/StructureDefinition/resource-information",
            "valueString": "ServiceRequest"
          }
        ],
        "reference": {
          "reference": "ServiceRequest/BK-5-negative-example-advice-1"
        },
        "name": "BK-5-negative-example-advice-1",
        "exampleCanonical": "https://www.ehealth.fgov.be/standards/fhir/StructureDefinition/be-bevolkingsonderzoek-follow-up"
      },
      {
        "extension": [
          {
            "url": "http://hl7.org/fhir/tools/StructureDefinition/resource-information",
            "valueString": "ServiceRequest"
          }
        ],
        "reference": {
          "reference": "ServiceRequest/BK-5-negative-example-advice-2"
        },
        "name": "BK-5-negative-example-advice-2",
        "exampleCanonical": "https://www.ehealth.fgov.be/standards/fhir/StructureDefinition/be-bevolkingsonderzoek-follow-up"
      },
      {
        "extension": [
          {
            "url": "http://hl7.org/fhir/tools/StructureDefinition/resource-information",
            "valueString": "EpisodeOfCare"
          }
        ],
        "reference": {
          "reference": "EpisodeOfCare/BK-5-negative-example-episode"
        },
        "name": "BK-5-negative-example-episode",
        "exampleCanonical": "https://www.ehealth.fgov.be/standards/fhir/StructureDefinition/Be-Bvo-EpisodeOfCare"
      },
      {
        "extension": [
          {
            "url": "http://hl7.org/fhir/tools/StructureDefinition/resource-information",
            "valueString": "Appointment"
          }
        ],
        "reference": {
          "reference": "Appointment/BK-5-negative-example-invitation"
        },
        "name": "BK-5-negative-example-invitation",
        "exampleCanonical": "https://www.ehealth.fgov.be/standards/fhir/StructureDefinition/be-bvo-appointment"
      },
      {
        "extension": [
          {
            "url": "http://hl7.org/fhir/tools/StructureDefinition/resource-information",
            "valueString": "Encounter"
          }
        ],
        "reference": {
          "reference": "Encounter/BK-5-negative-example-participation"
        },
        "name": "BK-5-negative-example-participation",
        "exampleCanonical": "https://www.ehealth.fgov.be/standards/fhir/StructureDefinition/be-bvo-encounter"
      },
      {
        "extension": [
          {
            "url": "http://hl7.org/fhir/tools/StructureDefinition/resource-information",
            "valueString": "Observation"
          }
        ],
        "reference": {
          "reference": "Observation/BK-5-negative-result"
        },
        "name": "BK-5-negative-result",
        "exampleCanonical": "https://www.ehealth.fgov.be/standards/fhir/StructureDefinition/be-bvo-observation"
      },
      {
        "extension": [
          {
            "url": "http://hl7.org/fhir/tools/StructureDefinition/resource-information",
            "valueString": "ServiceRequest"
          }
        ],
        "reference": {
          "reference": "ServiceRequest/BK-6-negative-example-advice"
        },
        "name": "BK-6-negative-example-advice",
        "exampleCanonical": "https://www.ehealth.fgov.be/standards/fhir/StructureDefinition/be-bevolkingsonderzoek-follow-up"
      },
      {
        "extension": [
          {
            "url": "http://hl7.org/fhir/tools/StructureDefinition/resource-information",
            "valueString": "EpisodeOfCare"
          }
        ],
        "reference": {
          "reference": "EpisodeOfCare/BK-6-negative-example-episode"
        },
        "name": "BK-6-negative-example-episode",
        "exampleCanonical": "https://www.ehealth.fgov.be/standards/fhir/StructureDefinition/Be-Bvo-EpisodeOfCare"
      },
      {
        "extension": [
          {
            "url": "http://hl7.org/fhir/tools/StructureDefinition/resource-information",
            "valueString": "Encounter"
          }
        ],
        "reference": {
          "reference": "Encounter/BK-6-negative-example-participation"
        },
        "name": "BK-6-negative-example-participation",
        "exampleCanonical": "https://www.ehealth.fgov.be/standards/fhir/StructureDefinition/be-bvo-encounter"
      },
      {
        "extension": [
          {
            "url": "http://hl7.org/fhir/tools/StructureDefinition/resource-information",
            "valueString": "Observation"
          }
        ],
        "reference": {
          "reference": "Observation/BK-6-negative-example-result"
        },
        "name": "BK-6-negative-example-result",
        "exampleCanonical": "https://www.ehealth.fgov.be/standards/fhir/StructureDefinition/be-bvo-observation"
      },
      {
        "extension": [
          {
            "url": "http://hl7.org/fhir/tools/StructureDefinition/resource-information",
            "valueString": "Encounter"
          }
        ],
        "reference": {
          "reference": "Encounter/BreastCancerEncounterExample"
        },
        "name": "Breast Cancer Encounter Example",
        "description": "Participation for breastcancer screening",
        "exampleCanonical": "https://www.ehealth.fgov.be/standards/fhir/StructureDefinition/be-bvo-encounter"
      },
      {
        "extension": [
          {
            "url": "http://hl7.org/fhir/tools/StructureDefinition/resource-information",
            "valueString": "Appointment"
          }
        ],
        "reference": {
          "reference": "Appointment/BreastCancerScreeningAppointment"
        },
        "name": "Appointment Breast Cancer Screening",
        "description": "Appointment for mammography in a mammographic unit in context of breast cancer screening",
        "exampleCanonical": "https://www.ehealth.fgov.be/standards/fhir/StructureDefinition/be-bvo-appointment"
      },
      {
        "extension": [
          {
            "url": "http://hl7.org/fhir/tools/StructureDefinition/resource-information",
            "valueString": "ServiceRequest"
          }
        ],
        "reference": {
          "reference": "ServiceRequest/BreastCancerScreeningFollowUpExample"
        },
        "name": "Breast Cancer Screening Follow Up Example",
        "description": "Follow up after positive breast cancer screening. This is a proposal. This resource exists to notify the patiënt that the patiënt should request additional examinations.",
        "exampleCanonical": "https://www.ehealth.fgov.be/standards/fhir/StructureDefinition/be-bevolkingsonderzoek-follow-up"
      },
      {
        "extension": [
          {
            "url": "http://hl7.org/fhir/tools/StructureDefinition/resource-information",
            "valueString": "ServiceRequest"
          }
        ],
        "reference": {
          "reference": "ServiceRequest/BreastCancerScreeningFollowUpWithExample2"
        },
        "name": "Breast Cancer Screening Follow Up Example 2",
        "description": "Follow up after positive breast cancer screening. This is a proposal. This resource exists to notify the patiënt that the patiënt should request additional examinations.",
        "exampleCanonical": "https://www.ehealth.fgov.be/standards/fhir/StructureDefinition/be-bevolkingsonderzoek-follow-up"
      },
      {
        "extension": [
          {
            "url": "http://hl7.org/fhir/tools/StructureDefinition/resource-information",
            "valueString": "Appointment"
          }
        ],
        "reference": {
          "reference": "Appointment/CervicalCancerScreeningAppointment"
        },
        "name": "Appointment Cervical Cancer Screening",
        "description": "Proposed appointment in context of cervical cancer screening",
        "exampleCanonical": "https://www.ehealth.fgov.be/standards/fhir/StructureDefinition/be-bvo-appointment"
      },
      {
        "extension": [
          {
            "url": "http://hl7.org/fhir/tools/StructureDefinition/resource-information",
            "valueString": "Appointment"
          }
        ],
        "reference": {
          "reference": "Appointment/ColonCancerScreeningAppointment"
        },
        "name": "Appointment Colon Cancer Screening",
        "description": "Appointment for stool sample in context of colon cancer screening",
        "exampleCanonical": "https://www.ehealth.fgov.be/standards/fhir/StructureDefinition/be-bvo-appointment"
      },
      {
        "extension": [
          {
            "url": "http://hl7.org/fhir/tools/StructureDefinition/resource-information",
            "valueString": "ServiceRequest"
          }
        ],
        "reference": {
          "reference": "ServiceRequest/ColorectalCancerScreeningFollowUpExample"
        },
        "name": "Colorectal Cancer Screening Follow Up Example Positive",
        "description": "Follow up after positive colorectal cancer screening",
        "exampleCanonical": "https://www.ehealth.fgov.be/standards/fhir/StructureDefinition/be-bevolkingsonderzoek-follow-up"
      },
      {
        "extension": [
          {
            "url": "http://hl7.org/fhir/tools/StructureDefinition/resource-information",
            "valueString": "Organization"
          }
        ],
        "reference": {
          "reference": "Organization/CvKO"
        },
        "name": "CvKO",
        "exampleBoolean": true
      },
      {
        "extension": [
          {
            "url": "http://hl7.org/fhir/tools/StructureDefinition/resource-information",
            "valueString": "Patient"
          }
        ],
        "reference": {
          "reference": "Patient/JaneDoe"
        },
        "name": "JaneDoe",
        "description": "female example patient",
        "exampleBoolean": true
      },
      {
        "extension": [
          {
            "url": "http://hl7.org/fhir/tools/StructureDefinition/resource-information",
            "valueString": "Observation"
          }
        ],
        "reference": {
          "reference": "Observation/PositiveBreastCancerResult"
        },
        "name": "Positive Breast Cancer Result",
        "description": "Observation with positive/abnormal result",
        "exampleCanonical": "https://www.ehealth.fgov.be/standards/fhir/StructureDefinition/be-bvo-observation"
      },
      {
        "extension": [
          {
            "url": "http://hl7.org/fhir/tools/StructureDefinition/resource-information",
            "valueString": "EpisodeOfCare"
          }
        ],
        "reference": {
          "reference": "EpisodeOfCare/exampleEpisodeBevolkingsonderzoek"
        },
        "name": "exampleEpisodeBevolkingsonderzoek",
        "exampleCanonical": "https://www.ehealth.fgov.be/standards/fhir/StructureDefinition/Be-Bvo-EpisodeOfCare"
      },
      {
        "extension": [
          {
            "url": "http://hl7.org/fhir/tools/StructureDefinition/resource-information",
            "valueString": "Patient"
          }
        ],
        "reference": {
          "reference": "Patient/exampleMaleBePatient"
        },
        "name": "exampleMaleBePatient",
        "exampleBoolean": true
      }
    ],
    "page": {
      "nameUrl": "toc.html",
      "title": "Table of Contents",
      "generation": "html",
      "page": [
        {
          "nameUrl": "index.html",
          "title": "Home",
          "generation": "html"
        },
        {
          "nameUrl": "background.html",
          "title": "Background",
          "generation": "html"
        },
        {
          "nameUrl": "changes.html",
          "title": "Changes",
          "generation": "html"
        },
        {
          "nameUrl": "downloads.html",
          "title": "Downloads",
          "generation": "html"
        },
        {
          "nameUrl": "spec.html",
          "title": "Spec",
          "generation": "markdown"
        }
      ]
    },
    "parameter": [
      {
        "code": "path-resource",
        "value": "input/capabilities"
      },
      {
        "code": "path-resource",
        "value": "input/examples"
      },
      {
        "code": "path-resource",
        "value": "input/extensions"
      },
      {
        "code": "path-resource",
        "value": "input/models"
      },
      {
        "code": "path-resource",
        "value": "input/operations"
      },
      {
        "code": "path-resource",
        "value": "input/profiles"
      },
      {
        "code": "path-resource",
        "value": "input/resources"
      },
      {
        "code": "path-resource",
        "value": "input/vocabulary"
      },
      {
        "code": "path-resource",
        "value": "input/maps"
      },
      {
        "code": "path-resource",
        "value": "input/testing"
      },
      {
        "code": "path-resource",
        "value": "input/history"
      },
      {
        "code": "path-resource",
        "value": "fsh-generated/resources"
      },
      {
        "code": "path-pages",
        "value": "template/config"
      },
      {
        "code": "path-pages",
        "value": "input/images"
      },
      {
        "code": "path-tx-cache",
        "value": "input-cache/txcache"
      }
    ]
  }
}