{
  "resourceType": "Observation",
  "id": "BK-3-invitation-participation-negative-example-observation",
  "meta": {
    "profile": [
      "https://www.ehealth.fgov.be/standards/fhir/StructureDefinition/be-bvo-observation"
    ]
  },
  "text": {
    "status": "extensions",
    "div": "<div xmlns=\"http://www.w3.org/1999/xhtml\"><p><b>Generated Narrative</b></p><div style=\"display: inline-block; background-color: #d9e0e7; padding: 6px; margin: 4px; border: 1px solid #8da1b4; border-radius: 5px; line-height: 60%\"><p style=\"margin-bottom: 0px\">Resource \"BK-3-invitation-participation-negative-example-observation\" </p><p style=\"margin-bottom: 0px\">Profile: <a href=\"StructureDefinition-be-bvo-observation.html\">Be Bvo Observation</a></p></div><p><b>Episode of Care</b>: <a href=\"EpisodeOfCare/3237640\">EpisodeOfCare/3237640</a></p><p><b>status</b>: FINAL</p><p><b>code</b>: Niet afwijkend <span style=\"background: LightGoldenRodYellow; margin: 4px; border: 1px solid khaki\"> (<a href=\"https://browser.ihtsdotools.org/\">SNOMED CT</a>#280413001)</span></p><p><b>subject</b>: <a href=\"Patient-JaneDoe.html\">Patient/JaneDoe</a> \" DOE\"</p><p><b>encounter</b>: <a href=\"Encounter-BK-3-invitation-participation-negative-example-encounter.html\">Encounter/BK-3-invitation-participation-negative-example-encounter</a></p></div>"
  },
  "extension": [
    {
      "url": "http://hl7.org/fhir/StructureDefinition/workflow-episodeOfCare",
      "valueReference": {
        "reference": "EpisodeOfCare/3237640"
      }
    }
  ],
  "status": "FINAL",
  "code": {
    "coding": [
      {
        "system": "http://snomed.info/sct",
        "code": "280413001",
        "display": "Niet afwijkend"
      }
    ],
    "text": "Niet afwijkend"
  },
  "subject": {
    "reference": "Patient/JaneDoe"
  },
  "encounter": {
    "reference": "Encounter/BK-3-invitation-participation-negative-example-encounter"
  }
}