{
  "resourceType": "StructureDefinition",
  "id": "BeBevolkingsonderzoek",
  "text": {
    "status": "extensions",
    "div": "<div xmlns=\"http://www.w3.org/1999/xhtml\"><table border=\"0\" cellpadding=\"0\" cellspacing=\"0\" style=\"border: 0px #F0F0F0 solid; font-size: 11px; font-family: verdana; vertical-align: top;\"><tr style=\"border: 1px #F0F0F0 solid; font-size: 11px; font-family: verdana; vertical-align: top\"><th style=\"vertical-align: top; text-align : left; background-color: white; border: 0px #F0F0F0 solid; padding:0px 4px 0px 4px\" class=\"hierarchy\"><a href=\"http://hl7.org/fhir/R4/formats.html#table\" title=\"The logical name of the element\">Name</a></th><th style=\"vertical-align: top; text-align : left; background-color: white; border: 0px #F0F0F0 solid; padding:0px 4px 0px 4px\" class=\"hierarchy\"><a href=\"http://hl7.org/fhir/R4/formats.html#table\" title=\"Information about the use of the element\">Flags</a></th><th style=\"vertical-align: top; text-align : left; background-color: white; border: 0px #F0F0F0 solid; padding:0px 4px 0px 4px\" class=\"hierarchy\"><a href=\"http://hl7.org/fhir/R4/formats.html#table\" title=\"Minimum and Maximum # of times the the element can appear in the instance\">Card.</a></th><th style=\"width: 100px\" class=\"hierarchy\"><a href=\"http://hl7.org/fhir/R4/formats.html#table\" title=\"Reference to the type of the element\">Type</a></th><th style=\"vertical-align: top; text-align : left; background-color: white; border: 0px #F0F0F0 solid; padding:0px 4px 0px 4px\" class=\"hierarchy\"><a href=\"http://hl7.org/fhir/R4/formats.html#table\" title=\"Additional information about the element\">Description &amp; Constraints</a><span style=\"float: right\"><a href=\"http://hl7.org/fhir/R4/formats.html#table\" title=\"Legend for this format\"><img src=\"http://hl7.org/fhir/R4/help16.png\" alt=\"doco\" style=\"background-color: inherit\"/></a></span></th></tr><tr style=\"border: 0px #F0F0F0 solid; padding:0px; vertical-align: top; background-color: white\"><td style=\"vertical-align: top; text-align : left; background-color: white; border: 0px #F0F0F0 solid; padding:0px 4px 0px 4px; white-space: nowrap; background-image: url(tbl_bck1.png)\" class=\"hierarchy\"><img src=\"tbl_spacer.png\" alt=\".\" style=\"background-color: inherit\" class=\"hierarchy\"/><img src=\"icon_element.gif\" alt=\".\" style=\"background-color: white; background-color: inherit\" title=\"Element\" class=\"hierarchy\"/> <a href=\"StructureDefinition-BeBevolkingsonderzoek-definitions.html#BeBevolkingsonderzoek\" title=\"Logical model for recurrent popultation based screening (Bevolkingsonderzoek). The model represents one iteration of a screening, called episode. A patiënt can have multiple episodes for a given screening. A screening of a specific type for a given patiënt can be repeated after a certain period. Each time the screening is repeated results in a new episode.\">BeBevolkingsonderzoek</a><a name=\"BeBevolkingsonderzoek\"> </a></td><td style=\"vertical-align: top; text-align : left; background-color: white; border: 0px #F0F0F0 solid; padding:0px 4px 0px 4px\" class=\"hierarchy\"/><td style=\"vertical-align: top; text-align : left; background-color: white; border: 0px #F0F0F0 solid; padding:0px 4px 0px 4px\" class=\"hierarchy\"><span style=\"opacity: 0.5\">0</span><span style=\"opacity: 0.5\">..</span><span style=\"opacity: 0.5\">*</span></td><td style=\"vertical-align: top; text-align : left; background-color: white; border: 0px #F0F0F0 solid; padding:0px 4px 0px 4px\" class=\"hierarchy\"/><td style=\"vertical-align: top; text-align : left; background-color: white; border: 0px #F0F0F0 solid; padding:0px 4px 0px 4px\" class=\"hierarchy\"/></tr>\r\n<tr style=\"border: 0px #F0F0F0 solid; padding:0px; vertical-align: top; background-color: #F7F7F7\"><td style=\"vertical-align: top; text-align : left; background-color: #F7F7F7; border: 0px #F0F0F0 solid; padding:0px 4px 0px 4px; white-space: nowrap; background-image: url(tbl_bck10.png)\" class=\"hierarchy\"><img src=\"tbl_spacer.png\" alt=\".\" style=\"background-color: inherit\" class=\"hierarchy\"/><img src=\"tbl_vjoin.png\" alt=\".\" style=\"background-color: inherit\" class=\"hierarchy\"/><img src=\"icon_reference.png\" alt=\".\" style=\"background-color: #F7F7F7; background-color: inherit\" title=\"Reference to another Resource\" class=\"hierarchy\"/> <a href=\"StructureDefinition-BeBevolkingsonderzoek-definitions.html#BeBevolkingsonderzoek.patient\" title=\"The patiënt for the screening.\">patient</a><a name=\"BeBevolkingsonderzoek.patient\"> </a></td><td style=\"vertical-align: top; text-align : left; background-color: #F7F7F7; border: 0px #F0F0F0 solid; padding:0px 4px 0px 4px\" class=\"hierarchy\"/><td style=\"vertical-align: top; text-align : left; background-color: #F7F7F7; border: 0px #F0F0F0 solid; padding:0px 4px 0px 4px\" class=\"hierarchy\">1..1</td><td style=\"vertical-align: top; text-align : left; background-color: #F7F7F7; border: 0px #F0F0F0 solid; padding:0px 4px 0px 4px\" class=\"hierarchy\"><a href=\"http://hl7.org/fhir/R4/references.html\">Reference</a>(<a href=\"http://hl7.org/fhir/R4/patient.html\">Patient</a>)</td><td style=\"vertical-align: top; text-align : left; background-color: #F7F7F7; border: 0px #F0F0F0 solid; padding:0px 4px 0px 4px\" class=\"hierarchy\">The patiënt for the screening.</td></tr>\r\n<tr style=\"border: 0px #F0F0F0 solid; padding:0px; vertical-align: top; background-color: white\"><td style=\"vertical-align: top; text-align : left; background-color: white; border: 0px #F0F0F0 solid; padding:0px 4px 0px 4px; white-space: nowrap; background-image: url(tbl_bck10.png)\" class=\"hierarchy\"><img src=\"tbl_spacer.png\" alt=\".\" style=\"background-color: inherit\" class=\"hierarchy\"/><img src=\"tbl_vjoin.png\" alt=\".\" style=\"background-color: inherit\" class=\"hierarchy\"/><img src=\"icon_datatype.gif\" alt=\".\" style=\"background-color: white; background-color: inherit\" title=\"Data Type\" class=\"hierarchy\"/> <a href=\"StructureDefinition-BeBevolkingsonderzoek-definitions.html#BeBevolkingsonderzoek.screeningType\" title=\"The related screening, for example breastcancer, coloncancer or cervicalcancer.\">screeningType</a><a name=\"BeBevolkingsonderzoek.screeningType\"> </a></td><td style=\"vertical-align: top; text-align : left; background-color: white; border: 0px #F0F0F0 solid; padding:0px 4px 0px 4px\" class=\"hierarchy\"/><td style=\"vertical-align: top; text-align : left; background-color: white; border: 0px #F0F0F0 solid; padding:0px 4px 0px 4px\" class=\"hierarchy\">1..1</td><td style=\"vertical-align: top; text-align : left; background-color: white; border: 0px #F0F0F0 solid; padding:0px 4px 0px 4px\" class=\"hierarchy\"><a href=\"http://hl7.org/fhir/R4/datatypes.html#CodeableConcept\">CodeableConcept</a></td><td style=\"vertical-align: top; text-align : left; background-color: white; border: 0px #F0F0F0 solid; padding:0px 4px 0px 4px\" class=\"hierarchy\">The related screening</td></tr>\r\n<tr style=\"border: 0px #F0F0F0 solid; padding:0px; vertical-align: top; background-color: #F7F7F7\"><td style=\"vertical-align: top; text-align : left; background-color: #F7F7F7; border: 0px #F0F0F0 solid; padding:0px 4px 0px 4px; white-space: nowrap; background-image: url(tbl_bck10.png)\" class=\"hierarchy\"><img src=\"tbl_spacer.png\" alt=\".\" style=\"background-color: inherit\" class=\"hierarchy\"/><img src=\"tbl_vjoin.png\" alt=\".\" style=\"background-color: inherit\" class=\"hierarchy\"/><img src=\"icon_primitive.png\" alt=\".\" style=\"background-color: #F7F7F7; background-color: inherit\" title=\"Primitive Data Type\" class=\"hierarchy\"/> <a href=\"StructureDefinition-BeBevolkingsonderzoek-definitions.html#BeBevolkingsonderzoek.screeningYear\" title=\"The year the screening process/episode for the given screenig. If the patiënt participated, the participation year is taken. If the patiënt didn't participate, the calender year of the invitation is taken. \nIf there is no invitation or participation, there will be no episode.\nFor example, if patiënt is allowed a population based screening every 2 years for a given screening type and the first screening episode invitation took place in 2022, the next episode will be created for the next invitation in 2024. \nIf the patiënt has a refusal or exclusion registered and does not have a participation/invitation, so the patiënt does not have any episodes, the calender year of the registration of the refusal/exclusion is taken.\">screeningYear</a><a name=\"BeBevolkingsonderzoek.screeningYear\"> </a></td><td style=\"vertical-align: top; text-align : left; background-color: #F7F7F7; border: 0px #F0F0F0 solid; padding:0px 4px 0px 4px\" class=\"hierarchy\"/><td style=\"vertical-align: top; text-align : left; background-color: #F7F7F7; border: 0px #F0F0F0 solid; padding:0px 4px 0px 4px\" class=\"hierarchy\">1..1</td><td style=\"vertical-align: top; text-align : left; background-color: #F7F7F7; border: 0px #F0F0F0 solid; padding:0px 4px 0px 4px\" class=\"hierarchy\"><a href=\"http://hl7.org/fhir/R4/datatypes.html#string\">string</a></td><td style=\"vertical-align: top; text-align : left; background-color: #F7F7F7; border: 0px #F0F0F0 solid; padding:0px 4px 0px 4px\" class=\"hierarchy\">The calender year of the screening.</td></tr>\r\n<tr style=\"border: 0px #F0F0F0 solid; padding:0px; vertical-align: top; background-color: white\"><td style=\"vertical-align: top; text-align : left; background-color: white; border: 0px #F0F0F0 solid; padding:0px 4px 0px 4px; white-space: nowrap; background-image: url(tbl_bck11.png)\" class=\"hierarchy\"><img src=\"tbl_spacer.png\" alt=\".\" style=\"background-color: inherit\" class=\"hierarchy\"/><img src=\"tbl_vjoin.png\" alt=\".\" style=\"background-color: inherit\" class=\"hierarchy\"/><img src=\"icon_datatype.gif\" alt=\".\" style=\"background-color: white; background-color: inherit\" title=\"Data Type\" class=\"hierarchy\"/> <a href=\"StructureDefinition-BeBevolkingsonderzoek-definitions.html#BeBevolkingsonderzoek.invitation\" title=\"An invitation is not mandatory, in some cases a patiënt can participate for a screening without an invitation.\">invitation</a><a name=\"BeBevolkingsonderzoek.invitation\"> </a></td><td style=\"vertical-align: top; text-align : left; background-color: white; border: 0px #F0F0F0 solid; padding:0px 4px 0px 4px\" class=\"hierarchy\"/><td style=\"vertical-align: top; text-align : left; background-color: white; border: 0px #F0F0F0 solid; padding:0px 4px 0px 4px\" class=\"hierarchy\">0..1</td><td style=\"vertical-align: top; text-align : left; background-color: white; border: 0px #F0F0F0 solid; padding:0px 4px 0px 4px\" class=\"hierarchy\"><a href=\"http://hl7.org/fhir/R4/datatypes.html#BackboneElement\">BackboneElement</a></td><td style=\"vertical-align: top; text-align : left; background-color: white; border: 0px #F0F0F0 solid; padding:0px 4px 0px 4px\" class=\"hierarchy\">The appointment details of the invitation.</td></tr>\r\n<tr style=\"border: 0px #F0F0F0 solid; padding:0px; vertical-align: top; background-color: #F7F7F7\"><td style=\"vertical-align: top; text-align : left; background-color: #F7F7F7; border: 0px #F0F0F0 solid; padding:0px 4px 0px 4px; white-space: nowrap; background-image: url(tbl_bck110.png)\" class=\"hierarchy\"><img src=\"tbl_spacer.png\" alt=\".\" style=\"background-color: inherit\" class=\"hierarchy\"/><img src=\"tbl_vline.png\" alt=\".\" style=\"background-color: inherit\" class=\"hierarchy\"/><img src=\"tbl_vjoin.png\" alt=\".\" style=\"background-color: inherit\" class=\"hierarchy\"/><img src=\"icon_primitive.png\" alt=\".\" style=\"background-color: #F7F7F7; background-color: inherit\" title=\"Primitive Data Type\" class=\"hierarchy\"/> <a href=\"StructureDefinition-BeBevolkingsonderzoek-definitions.html#BeBevolkingsonderzoek.invitation.Date\" title=\"The date the patiënt is invited to participate in the population based screening.\">Date</a><a name=\"BeBevolkingsonderzoek.invitation.Date\"> </a></td><td style=\"vertical-align: top; text-align : left; background-color: #F7F7F7; border: 0px #F0F0F0 solid; padding:0px 4px 0px 4px\" class=\"hierarchy\"/><td style=\"vertical-align: top; text-align : left; background-color: #F7F7F7; border: 0px #F0F0F0 solid; padding:0px 4px 0px 4px\" class=\"hierarchy\">1..1</td><td style=\"vertical-align: top; text-align : left; background-color: #F7F7F7; border: 0px #F0F0F0 solid; padding:0px 4px 0px 4px\" class=\"hierarchy\"><a href=\"http://hl7.org/fhir/R4/datatypes.html#date\">date</a></td><td style=\"vertical-align: top; text-align : left; background-color: #F7F7F7; border: 0px #F0F0F0 solid; padding:0px 4px 0px 4px\" class=\"hierarchy\">The date the patiënt is invited to participate in the population based screening.</td></tr>\r\n<tr style=\"border: 0px #F0F0F0 solid; padding:0px; vertical-align: top; background-color: white\"><td style=\"vertical-align: top; text-align : left; background-color: white; border: 0px #F0F0F0 solid; padding:0px 4px 0px 4px; white-space: nowrap; background-image: url(tbl_bck110.png)\" class=\"hierarchy\"><img src=\"tbl_spacer.png\" alt=\".\" style=\"background-color: inherit\" class=\"hierarchy\"/><img src=\"tbl_vline.png\" alt=\".\" style=\"background-color: inherit\" class=\"hierarchy\"/><img src=\"tbl_vjoin.png\" alt=\".\" style=\"background-color: inherit\" class=\"hierarchy\"/><img src=\"icon_primitive.png\" alt=\".\" style=\"background-color: white; background-color: inherit\" title=\"Primitive Data Type\" class=\"hierarchy\"/> <a href=\"StructureDefinition-BeBevolkingsonderzoek-definitions.html#BeBevolkingsonderzoek.invitation.locationName\" title=\"For some screenings, but not all, a location is provided for the patiënt.\">locationName</a><a name=\"BeBevolkingsonderzoek.invitation.locationName\"> </a></td><td style=\"vertical-align: top; text-align : left; background-color: white; border: 0px #F0F0F0 solid; padding:0px 4px 0px 4px\" class=\"hierarchy\"/><td style=\"vertical-align: top; text-align : left; background-color: white; border: 0px #F0F0F0 solid; padding:0px 4px 0px 4px\" class=\"hierarchy\">0..1</td><td style=\"vertical-align: top; text-align : left; background-color: white; border: 0px #F0F0F0 solid; padding:0px 4px 0px 4px\" class=\"hierarchy\"><a href=\"http://hl7.org/fhir/R4/datatypes.html#string\">string</a></td><td style=\"vertical-align: top; text-align : left; background-color: white; border: 0px #F0F0F0 solid; padding:0px 4px 0px 4px\" class=\"hierarchy\">Human readable name of the location where the patiënt is invited to participate.</td></tr>\r\n<tr style=\"border: 0px #F0F0F0 solid; padding:0px; vertical-align: top; background-color: #F7F7F7\"><td style=\"vertical-align: top; text-align : left; background-color: #F7F7F7; border: 0px #F0F0F0 solid; padding:0px 4px 0px 4px; white-space: nowrap; background-image: url(tbl_bck100.png)\" class=\"hierarchy\"><img src=\"tbl_spacer.png\" alt=\".\" style=\"background-color: inherit\" class=\"hierarchy\"/><img src=\"tbl_vline.png\" alt=\".\" style=\"background-color: inherit\" class=\"hierarchy\"/><img src=\"tbl_vjoin_end.png\" alt=\".\" style=\"background-color: inherit\" class=\"hierarchy\"/><img src=\"icon_primitive.png\" alt=\".\" style=\"background-color: #F7F7F7; background-color: inherit\" title=\"Primitive Data Type\" class=\"hierarchy\"/> <a href=\"StructureDefinition-BeBevolkingsonderzoek-definitions.html#BeBevolkingsonderzoek.invitation.locationAddress\" title=\"For some screenings, but not all, a location is provided for the patiënt.\">locationAddress</a><a name=\"BeBevolkingsonderzoek.invitation.locationAddress\"> </a></td><td style=\"vertical-align: top; text-align : left; background-color: #F7F7F7; border: 0px #F0F0F0 solid; padding:0px 4px 0px 4px\" class=\"hierarchy\"/><td style=\"vertical-align: top; text-align : left; background-color: #F7F7F7; border: 0px #F0F0F0 solid; padding:0px 4px 0px 4px\" class=\"hierarchy\">0..1</td><td style=\"vertical-align: top; text-align : left; background-color: #F7F7F7; border: 0px #F0F0F0 solid; padding:0px 4px 0px 4px\" class=\"hierarchy\"><a href=\"http://hl7.org/fhir/R4/datatypes.html#string\">string</a></td><td style=\"vertical-align: top; text-align : left; background-color: #F7F7F7; border: 0px #F0F0F0 solid; padding:0px 4px 0px 4px\" class=\"hierarchy\">Human readable address of the invitation location.</td></tr>\r\n<tr style=\"border: 0px #F0F0F0 solid; padding:0px; vertical-align: top; background-color: white\"><td style=\"vertical-align: top; text-align : left; background-color: white; border: 0px #F0F0F0 solid; padding:0px 4px 0px 4px; white-space: nowrap; background-image: url(tbl_bck11.png)\" class=\"hierarchy\"><img src=\"tbl_spacer.png\" alt=\".\" style=\"background-color: inherit\" class=\"hierarchy\"/><img src=\"tbl_vjoin.png\" alt=\".\" style=\"background-color: inherit\" class=\"hierarchy\"/><img src=\"icon_datatype.gif\" alt=\".\" style=\"background-color: white; background-color: inherit\" title=\"Data Type\" class=\"hierarchy\"/> <a href=\"StructureDefinition-BeBevolkingsonderzoek-definitions.html#BeBevolkingsonderzoek.participation\" title=\"A participation is not mandatory. A patiënt can choose not to participate for a screening.\">participation</a><a name=\"BeBevolkingsonderzoek.participation\"> </a></td><td style=\"vertical-align: top; text-align : left; background-color: white; border: 0px #F0F0F0 solid; padding:0px 4px 0px 4px\" class=\"hierarchy\"/><td style=\"vertical-align: top; text-align : left; background-color: white; border: 0px #F0F0F0 solid; padding:0px 4px 0px 4px\" class=\"hierarchy\">0..1</td><td style=\"vertical-align: top; text-align : left; background-color: white; border: 0px #F0F0F0 solid; padding:0px 4px 0px 4px\" class=\"hierarchy\"><a href=\"http://hl7.org/fhir/R4/datatypes.html#BackboneElement\">BackboneElement</a></td><td style=\"vertical-align: top; text-align : left; background-color: white; border: 0px #F0F0F0 solid; padding:0px 4px 0px 4px\" class=\"hierarchy\">The participation details.</td></tr>\r\n<tr style=\"border: 0px #F0F0F0 solid; padding:0px; vertical-align: top; background-color: #F7F7F7\"><td style=\"vertical-align: top; text-align : left; background-color: #F7F7F7; border: 0px #F0F0F0 solid; padding:0px 4px 0px 4px; white-space: nowrap; background-image: url(tbl_bck110.png)\" class=\"hierarchy\"><img src=\"tbl_spacer.png\" alt=\".\" style=\"background-color: inherit\" class=\"hierarchy\"/><img src=\"tbl_vline.png\" alt=\".\" style=\"background-color: inherit\" class=\"hierarchy\"/><img src=\"tbl_vjoin.png\" alt=\".\" style=\"background-color: inherit\" class=\"hierarchy\"/><img src=\"icon_primitive.png\" alt=\".\" style=\"background-color: #F7F7F7; background-color: inherit\" title=\"Primitive Data Type\" class=\"hierarchy\"/> <a href=\"StructureDefinition-BeBevolkingsonderzoek-definitions.html#BeBevolkingsonderzoek.participation.date\" title=\"The date the patiënt participated in the population based screening.\">date</a><a name=\"BeBevolkingsonderzoek.participation.date\"> </a></td><td style=\"vertical-align: top; text-align : left; background-color: #F7F7F7; border: 0px #F0F0F0 solid; padding:0px 4px 0px 4px\" class=\"hierarchy\"/><td style=\"vertical-align: top; text-align : left; background-color: #F7F7F7; border: 0px #F0F0F0 solid; padding:0px 4px 0px 4px\" class=\"hierarchy\">1..1</td><td style=\"vertical-align: top; text-align : left; background-color: #F7F7F7; border: 0px #F0F0F0 solid; padding:0px 4px 0px 4px\" class=\"hierarchy\"><a href=\"http://hl7.org/fhir/R4/datatypes.html#date\">date</a></td><td style=\"vertical-align: top; text-align : left; background-color: #F7F7F7; border: 0px #F0F0F0 solid; padding:0px 4px 0px 4px\" class=\"hierarchy\">The date the patiënt participated in the population based screening.</td></tr>\r\n<tr style=\"border: 0px #F0F0F0 solid; padding:0px; vertical-align: top; background-color: white\"><td style=\"vertical-align: top; text-align : left; background-color: white; border: 0px #F0F0F0 solid; padding:0px 4px 0px 4px; white-space: nowrap; background-image: url(tbl_bck110.png)\" class=\"hierarchy\"><img src=\"tbl_spacer.png\" alt=\".\" style=\"background-color: inherit\" class=\"hierarchy\"/><img src=\"tbl_vline.png\" alt=\".\" style=\"background-color: inherit\" class=\"hierarchy\"/><img src=\"tbl_vjoin.png\" alt=\".\" style=\"background-color: inherit\" class=\"hierarchy\"/><img src=\"icon_primitive.png\" alt=\".\" style=\"background-color: white; background-color: inherit\" title=\"Primitive Data Type\" class=\"hierarchy\"/> <a href=\"StructureDefinition-BeBevolkingsonderzoek-definitions.html#BeBevolkingsonderzoek.participation.locationName\" title=\"For some screenings, but not all, a location is provided for the patiënt.\">locationName</a><a name=\"BeBevolkingsonderzoek.participation.locationName\"> </a></td><td style=\"vertical-align: top; text-align : left; background-color: white; border: 0px #F0F0F0 solid; padding:0px 4px 0px 4px\" class=\"hierarchy\"/><td style=\"vertical-align: top; text-align : left; background-color: white; border: 0px #F0F0F0 solid; padding:0px 4px 0px 4px\" class=\"hierarchy\">0..1</td><td style=\"vertical-align: top; text-align : left; background-color: white; border: 0px #F0F0F0 solid; padding:0px 4px 0px 4px\" class=\"hierarchy\"><a href=\"http://hl7.org/fhir/R4/datatypes.html#string\">string</a></td><td style=\"vertical-align: top; text-align : left; background-color: white; border: 0px #F0F0F0 solid; padding:0px 4px 0px 4px\" class=\"hierarchy\">Human readable name of the location where the patiënt participated.</td></tr>\r\n<tr style=\"border: 0px #F0F0F0 solid; padding:0px; vertical-align: top; background-color: #F7F7F7\"><td style=\"vertical-align: top; text-align : left; background-color: #F7F7F7; border: 0px #F0F0F0 solid; padding:0px 4px 0px 4px; white-space: nowrap; background-image: url(tbl_bck110.png)\" class=\"hierarchy\"><img src=\"tbl_spacer.png\" alt=\".\" style=\"background-color: inherit\" class=\"hierarchy\"/><img src=\"tbl_vline.png\" alt=\".\" style=\"background-color: inherit\" class=\"hierarchy\"/><img src=\"tbl_vjoin.png\" alt=\".\" style=\"background-color: inherit\" class=\"hierarchy\"/><img src=\"icon_primitive.png\" alt=\".\" style=\"background-color: #F7F7F7; background-color: inherit\" title=\"Primitive Data Type\" class=\"hierarchy\"/> <a href=\"StructureDefinition-BeBevolkingsonderzoek-definitions.html#BeBevolkingsonderzoek.participation.locationAddress\" title=\"For some screenings, but not all, a location is provided for the patiënt.\">locationAddress</a><a name=\"BeBevolkingsonderzoek.participation.locationAddress\"> </a></td><td style=\"vertical-align: top; text-align : left; background-color: #F7F7F7; border: 0px #F0F0F0 solid; padding:0px 4px 0px 4px\" class=\"hierarchy\"/><td style=\"vertical-align: top; text-align : left; background-color: #F7F7F7; border: 0px #F0F0F0 solid; padding:0px 4px 0px 4px\" class=\"hierarchy\">0..1</td><td style=\"vertical-align: top; text-align : left; background-color: #F7F7F7; border: 0px #F0F0F0 solid; padding:0px 4px 0px 4px\" class=\"hierarchy\"><a href=\"http://hl7.org/fhir/R4/datatypes.html#string\">string</a></td><td style=\"vertical-align: top; text-align : left; background-color: #F7F7F7; border: 0px #F0F0F0 solid; padding:0px 4px 0px 4px\" class=\"hierarchy\">Human readable address of the participation location.</td></tr>\r\n<tr style=\"border: 0px #F0F0F0 solid; padding:0px; vertical-align: top; background-color: white\"><td style=\"vertical-align: top; text-align : left; background-color: white; border: 0px #F0F0F0 solid; padding:0px 4px 0px 4px; white-space: nowrap; background-image: url(tbl_bck110.png)\" class=\"hierarchy\"><img src=\"tbl_spacer.png\" alt=\".\" style=\"background-color: inherit\" class=\"hierarchy\"/><img src=\"tbl_vline.png\" alt=\".\" style=\"background-color: inherit\" class=\"hierarchy\"/><img src=\"tbl_vjoin.png\" alt=\".\" style=\"background-color: inherit\" class=\"hierarchy\"/><img src=\"icon_datatype.gif\" alt=\".\" style=\"background-color: white; background-color: inherit\" title=\"Data Type\" class=\"hierarchy\"/> <a href=\"StructureDefinition-BeBevolkingsonderzoek-definitions.html#BeBevolkingsonderzoek.participation.result\" title=\"Notify the patiënt if the result was abnormal/positive or normal/negative, (Afwijkend/Niet afwijkend)\">result</a><a name=\"BeBevolkingsonderzoek.participation.result\"> </a></td><td style=\"vertical-align: top; text-align : left; background-color: white; border: 0px #F0F0F0 solid; padding:0px 4px 0px 4px\" class=\"hierarchy\"/><td style=\"vertical-align: top; text-align : left; background-color: white; border: 0px #F0F0F0 solid; padding:0px 4px 0px 4px\" class=\"hierarchy\">0..1</td><td style=\"vertical-align: top; text-align : left; background-color: white; border: 0px #F0F0F0 solid; padding:0px 4px 0px 4px\" class=\"hierarchy\"><a href=\"http://hl7.org/fhir/R4/datatypes.html#CodeableConcept\">CodeableConcept</a></td><td style=\"vertical-align: top; text-align : left; background-color: white; border: 0px #F0F0F0 solid; padding:0px 4px 0px 4px\" class=\"hierarchy\">If the result of participation in the population based screening</td></tr>\r\n<tr style=\"border: 0px #F0F0F0 solid; padding:0px; vertical-align: top; background-color: #F7F7F7\"><td style=\"vertical-align: top; text-align : left; background-color: #F7F7F7; border: 0px #F0F0F0 solid; padding:0px 4px 0px 4px; white-space: nowrap; background-image: url(tbl_bck101.png)\" class=\"hierarchy\"><img src=\"tbl_spacer.png\" alt=\".\" style=\"background-color: inherit\" class=\"hierarchy\"/><img src=\"tbl_vline.png\" alt=\".\" style=\"background-color: inherit\" class=\"hierarchy\"/><img src=\"tbl_vjoin_end.png\" alt=\".\" style=\"background-color: inherit\" class=\"hierarchy\"/><img src=\"icon_datatype.gif\" alt=\".\" style=\"background-color: #F7F7F7; background-color: inherit\" title=\"Data Type\" class=\"hierarchy\"/> <a href=\"StructureDefinition-BeBevolkingsonderzoek-definitions.html#BeBevolkingsonderzoek.participation.followup\" title=\"This data acts purely as info for the patiënt to inform the patiënt of proposed actions and should not be followed up by the screening authority.\">followup</a><a name=\"BeBevolkingsonderzoek.participation.followup\"> </a></td><td style=\"vertical-align: top; text-align : left; background-color: #F7F7F7; border: 0px #F0F0F0 solid; padding:0px 4px 0px 4px\" class=\"hierarchy\"/><td style=\"vertical-align: top; text-align : left; background-color: #F7F7F7; border: 0px #F0F0F0 solid; padding:0px 4px 0px 4px\" class=\"hierarchy\">0..1</td><td style=\"vertical-align: top; text-align : left; background-color: #F7F7F7; border: 0px #F0F0F0 solid; padding:0px 4px 0px 4px\" class=\"hierarchy\"><a href=\"http://hl7.org/fhir/R4/datatypes.html#CodeableConcept\">CodeableConcept</a></td><td style=\"vertical-align: top; text-align : left; background-color: #F7F7F7; border: 0px #F0F0F0 solid; padding:0px 4px 0px 4px\" class=\"hierarchy\">Details of proposed actions for the patiënt after the screening concluded.</td></tr>\r\n<tr style=\"border: 0px #F0F0F0 solid; padding:0px; vertical-align: top; background-color: white\"><td style=\"vertical-align: top; text-align : left; background-color: white; border: 0px #F0F0F0 solid; padding:0px 4px 0px 4px; white-space: nowrap; background-image: url(tbl_bck1010.png)\" class=\"hierarchy\"><img src=\"tbl_spacer.png\" alt=\".\" style=\"background-color: inherit\" class=\"hierarchy\"/><img src=\"tbl_vline.png\" alt=\".\" style=\"background-color: inherit\" class=\"hierarchy\"/><img src=\"tbl_blank.png\" alt=\".\" style=\"background-color: inherit\" class=\"hierarchy\"/><img src=\"tbl_vjoin.png\" alt=\".\" style=\"background-color: inherit\" class=\"hierarchy\"/><img src=\"icon_primitive.png\" alt=\".\" style=\"background-color: white; background-color: inherit\" title=\"Primitive Data Type\" class=\"hierarchy\"/> <a href=\"StructureDefinition-BeBevolkingsonderzoek-definitions.html#BeBevolkingsonderzoek.participation.followup.needed\" title=\"Indication if the patiënt should request or take other examinations/steps based on the outcome of the screening.\">needed</a><a name=\"BeBevolkingsonderzoek.participation.followup.needed\"> </a></td><td style=\"vertical-align: top; text-align : left; background-color: white; border: 0px #F0F0F0 solid; padding:0px 4px 0px 4px\" class=\"hierarchy\"/><td style=\"vertical-align: top; text-align : left; background-color: white; border: 0px #F0F0F0 solid; padding:0px 4px 0px 4px\" class=\"hierarchy\">0..1</td><td style=\"vertical-align: top; text-align : left; background-color: white; border: 0px #F0F0F0 solid; padding:0px 4px 0px 4px\" class=\"hierarchy\"><a href=\"http://hl7.org/fhir/R4/datatypes.html#boolean\">boolean</a></td><td style=\"vertical-align: top; text-align : left; background-color: white; border: 0px #F0F0F0 solid; padding:0px 4px 0px 4px\" class=\"hierarchy\">Indication if the patiënt should request or take other examinations/steps based on the outcome of the screening.</td></tr>\r\n<tr style=\"border: 0px #F0F0F0 solid; padding:0px; vertical-align: top; background-color: #F7F7F7\"><td style=\"vertical-align: top; text-align : left; background-color: #F7F7F7; border: 0px #F0F0F0 solid; padding:0px 4px 0px 4px; white-space: nowrap; background-image: url(tbl_bck1010.png)\" class=\"hierarchy\"><img src=\"tbl_spacer.png\" alt=\".\" style=\"background-color: inherit\" class=\"hierarchy\"/><img src=\"tbl_vline.png\" alt=\".\" style=\"background-color: inherit\" class=\"hierarchy\"/><img src=\"tbl_blank.png\" alt=\".\" style=\"background-color: inherit\" class=\"hierarchy\"/><img src=\"tbl_vjoin.png\" alt=\".\" style=\"background-color: inherit\" class=\"hierarchy\"/><img src=\"icon_primitive.png\" alt=\".\" style=\"background-color: #F7F7F7; background-color: inherit\" title=\"Primitive Data Type\" class=\"hierarchy\"/> <a href=\"StructureDefinition-BeBevolkingsonderzoek-definitions.html#BeBevolkingsonderzoek.participation.followup.advice\" title=\"Indication what other examinations/steps the patient should taken.\">advice</a><a name=\"BeBevolkingsonderzoek.participation.followup.advice\"> </a></td><td style=\"vertical-align: top; text-align : left; background-color: #F7F7F7; border: 0px #F0F0F0 solid; padding:0px 4px 0px 4px\" class=\"hierarchy\"/><td style=\"vertical-align: top; text-align : left; background-color: #F7F7F7; border: 0px #F0F0F0 solid; padding:0px 4px 0px 4px\" class=\"hierarchy\">0..1</td><td style=\"vertical-align: top; text-align : left; background-color: #F7F7F7; border: 0px #F0F0F0 solid; padding:0px 4px 0px 4px\" class=\"hierarchy\"><a href=\"http://hl7.org/fhir/R4/datatypes.html#string\">string</a></td><td style=\"vertical-align: top; text-align : left; background-color: #F7F7F7; border: 0px #F0F0F0 solid; padding:0px 4px 0px 4px\" class=\"hierarchy\">Indication what other examinations/steps the patient should taken.</td></tr>\r\n<tr style=\"border: 0px #F0F0F0 solid; padding:0px; vertical-align: top; background-color: white\"><td style=\"vertical-align: top; text-align : left; background-color: white; border: 0px #F0F0F0 solid; padding:0px 4px 0px 4px; white-space: nowrap; background-image: url(tbl_bck1000.png)\" class=\"hierarchy\"><img src=\"tbl_spacer.png\" alt=\".\" style=\"background-color: inherit\" class=\"hierarchy\"/><img src=\"tbl_vline.png\" alt=\".\" style=\"background-color: inherit\" class=\"hierarchy\"/><img src=\"tbl_blank.png\" alt=\".\" style=\"background-color: inherit\" class=\"hierarchy\"/><img src=\"tbl_vjoin_end.png\" alt=\".\" style=\"background-color: inherit\" class=\"hierarchy\"/><img src=\"icon_primitive.png\" alt=\".\" style=\"background-color: white; background-color: inherit\" title=\"Primitive Data Type\" class=\"hierarchy\"/> <a href=\"StructureDefinition-BeBevolkingsonderzoek-definitions.html#BeBevolkingsonderzoek.participation.followup.approved\" title=\"If the patiënt has given permission to CvKO to collect follow up data (data of followup examinations/steps that follow after the screening concluded and are not organized by the screening authority.)\">approved</a><a name=\"BeBevolkingsonderzoek.participation.followup.approved\"> </a></td><td style=\"vertical-align: top; text-align : left; background-color: white; border: 0px #F0F0F0 solid; padding:0px 4px 0px 4px\" class=\"hierarchy\"/><td style=\"vertical-align: top; text-align : left; background-color: white; border: 0px #F0F0F0 solid; padding:0px 4px 0px 4px\" class=\"hierarchy\">0..1</td><td style=\"vertical-align: top; text-align : left; background-color: white; border: 0px #F0F0F0 solid; padding:0px 4px 0px 4px\" class=\"hierarchy\"><a href=\"http://hl7.org/fhir/R4/datatypes.html#boolean\">boolean</a></td><td style=\"vertical-align: top; text-align : left; background-color: white; border: 0px #F0F0F0 solid; padding:0px 4px 0px 4px\" class=\"hierarchy\">If the patiënt has given permission to CvKO to collect follow up data (data of followup examinations/steps that follow after the screening concluded and are not organized by the screening authority.)</td></tr>\r\n<tr style=\"border: 0px #F0F0F0 solid; padding:0px; vertical-align: top; background-color: #F7F7F7\"><td style=\"vertical-align: top; text-align : left; background-color: #F7F7F7; border: 0px #F0F0F0 solid; padding:0px 4px 0px 4px; white-space: nowrap; background-image: url(tbl_bck00.png)\" class=\"hierarchy\"><img src=\"tbl_spacer.png\" alt=\".\" style=\"background-color: inherit\" class=\"hierarchy\"/><img src=\"tbl_vjoin_end.png\" alt=\".\" style=\"background-color: inherit\" class=\"hierarchy\"/><img src=\"icon_primitive.png\" alt=\".\" style=\"background-color: #F7F7F7; background-color: inherit\" title=\"Primitive Data Type\" class=\"hierarchy\"/> <a href=\"StructureDefinition-BeBevolkingsonderzoek-definitions.html#BeBevolkingsonderzoek.nextInvitationIndication\" title=\"This field gives a short human readable indication for the patiënt if the patiënt can excpect future invitations for the population based screening en an estimation when the next invitation will be created. \nIf the patiënt will not recieve future invitations for the screening, an short explanation will be given.\">nextInvitationIndication</a><a name=\"BeBevolkingsonderzoek.nextInvitationIndication\"> </a></td><td style=\"vertical-align: top; text-align : left; background-color: #F7F7F7; border: 0px #F0F0F0 solid; padding:0px 4px 0px 4px\" class=\"hierarchy\"/><td style=\"vertical-align: top; text-align : left; background-color: #F7F7F7; border: 0px #F0F0F0 solid; padding:0px 4px 0px 4px\" class=\"hierarchy\">1..1</td><td style=\"vertical-align: top; text-align : left; background-color: #F7F7F7; border: 0px #F0F0F0 solid; padding:0px 4px 0px 4px\" class=\"hierarchy\"><a href=\"http://hl7.org/fhir/R4/datatypes.html#string\">string</a></td><td style=\"vertical-align: top; text-align : left; background-color: #F7F7F7; border: 0px #F0F0F0 solid; padding:0px 4px 0px 4px\" class=\"hierarchy\">This field gives a short human readable indication for the patiënt if the patiënt can excpect future invitations for the population based screening en an estimation when the next invitation will be created. \nIf the patiënt will not recieve future invitations for the screening, an short explanation will be given.</td></tr>\r\n<tr><td colspan=\"5\" class=\"hierarchy\"><br/><a href=\"http://hl7.org/fhir/R4/formats.html#table\" title=\"Legend for this format\"><img src=\"http://hl7.org/fhir/R4/help16.png\" alt=\"doco\" style=\"background-color: inherit\"/> Documentation for this format</a></td></tr></table></div>"
  },
  "url": "https://www.ehealth.fgov.be/standards/fhir/StructureDefinition/BeBevolkingsonderzoek",
  "version": "1.2.0-draft",
  "name": "BeBevolkingsonderzoek",
  "status": "draft",
  "date": "2022-03-30T15:39:36+00:00",
  "publisher": "eHealth Platform",
  "contact": [
    {
      "name": "eHealth Platform",
      "telecom": [
        {
          "system": "url",
          "value": "http://example.com/committees"
        },
        {
          "system": "email",
          "value": "message-structure@ehealth.fgov.be"
        }
      ]
    },
    {
      "name": "Sven Dhaens",
      "telecom": [
        {
          "system": "email",
          "value": "sven.dhaens@axians.com",
          "use": "work"
        }
      ]
    },
    {
      "name": "Kurt Dhaene",
      "telecom": [
        {
          "system": "email",
          "value": "kurt.dhaene@axians.com",
          "use": "work"
        }
      ]
    }
  ],
  "description": "Logical model for recurrent popultation based screening (Bevolkingsonderzoek). The model represents one iteration of a screening, called episode. A patiënt can have multiple episodes for a given screening. A screening of a specific type for a given patiënt can be repeated after a certain period. Each time the screening is repeated results in a new episode.",
  "jurisdiction": [
    {
      "coding": [
        {
          "system": "http://unstats.un.org/unsd/methods/m49/m49.htm",
          "code": "056",
          "display": "Belgium"
        }
      ]
    }
  ],
  "fhirVersion": "4.0.1",
  "mapping": [
    {
      "identity": "rim",
      "uri": "http://hl7.org/v3",
      "name": "RIM Mapping"
    }
  ],
  "kind": "logical",
  "abstract": false,
  "type": "https://www.ehealth.fgov.be/standards/fhir/StructureDefinition/BeBevolkingsonderzoek",
  "baseDefinition": "http://hl7.org/fhir/StructureDefinition/Base",
  "derivation": "specialization",
  "snapshot": {
    "element": [
      {
        "id": "BeBevolkingsonderzoek",
        "path": "BeBevolkingsonderzoek",
        "definition": "Logical model for recurrent popultation based screening (Bevolkingsonderzoek). The model represents one iteration of a screening, called episode. A patiënt can have multiple episodes for a given screening. A screening of a specific type for a given patiënt can be repeated after a certain period. Each time the screening is repeated results in a new episode.",
        "min": 0,
        "max": "*",
        "base": {
          "path": "Base",
          "min": 0,
          "max": "*"
        },
        "isModifier": false
      },
      {
        "id": "BeBevolkingsonderzoek.patient",
        "path": "BeBevolkingsonderzoek.patient",
        "short": "The patiënt for the screening.",
        "definition": "The patiënt for the screening.",
        "min": 1,
        "max": "1",
        "base": {
          "path": "BeBevolkingsonderzoek.patient",
          "min": 1,
          "max": "1"
        },
        "type": [
          {
            "code": "Reference",
            "targetProfile": [
              "http://hl7.org/fhir/StructureDefinition/Patient"
            ]
          }
        ]
      },
      {
        "id": "BeBevolkingsonderzoek.screeningType",
        "path": "BeBevolkingsonderzoek.screeningType",
        "short": "The related screening",
        "definition": "The related screening, for example breastcancer, coloncancer or cervicalcancer.",
        "min": 1,
        "max": "1",
        "base": {
          "path": "BeBevolkingsonderzoek.screeningType",
          "min": 1,
          "max": "1"
        },
        "type": [
          {
            "code": "CodeableConcept"
          }
        ]
      },
      {
        "id": "BeBevolkingsonderzoek.screeningYear",
        "path": "BeBevolkingsonderzoek.screeningYear",
        "short": "The calender year of the screening.",
        "definition": "The year the screening process/episode for the given screenig. If the patiënt participated, the participation year is taken. If the patiënt didn't participate, the calender year of the invitation is taken. \nIf there is no invitation or participation, there will be no episode.\nFor example, if patiënt is allowed a population based screening every 2 years for a given screening type and the first screening episode invitation took place in 2022, the next episode will be created for the next invitation in 2024. \nIf the patiënt has a refusal or exclusion registered and does not have a participation/invitation, so the patiënt does not have any episodes, the calender year of the registration of the refusal/exclusion is taken.",
        "min": 1,
        "max": "1",
        "base": {
          "path": "BeBevolkingsonderzoek.screeningYear",
          "min": 1,
          "max": "1"
        },
        "type": [
          {
            "code": "string"
          }
        ]
      },
      {
        "id": "BeBevolkingsonderzoek.invitation",
        "path": "BeBevolkingsonderzoek.invitation",
        "short": "The appointment details of the invitation.",
        "definition": "An invitation is not mandatory, in some cases a patiënt can participate for a screening without an invitation.",
        "min": 0,
        "max": "1",
        "base": {
          "path": "BeBevolkingsonderzoek.invitation",
          "min": 0,
          "max": "1"
        },
        "type": [
          {
            "code": "BackboneElement"
          }
        ]
      },
      {
        "id": "BeBevolkingsonderzoek.invitation.Date",
        "path": "BeBevolkingsonderzoek.invitation.Date",
        "short": "The date the patiënt is invited to participate in the population based screening.",
        "definition": "The date the patiënt is invited to participate in the population based screening.",
        "min": 1,
        "max": "1",
        "base": {
          "path": "BeBevolkingsonderzoek.invitation.Date",
          "min": 1,
          "max": "1"
        },
        "type": [
          {
            "code": "date"
          }
        ]
      },
      {
        "id": "BeBevolkingsonderzoek.invitation.locationName",
        "path": "BeBevolkingsonderzoek.invitation.locationName",
        "short": "Human readable name of the location where the patiënt is invited to participate.",
        "definition": "For some screenings, but not all, a location is provided for the patiënt.",
        "min": 0,
        "max": "1",
        "base": {
          "path": "BeBevolkingsonderzoek.invitation.locationName",
          "min": 0,
          "max": "1"
        },
        "type": [
          {
            "code": "string"
          }
        ]
      },
      {
        "id": "BeBevolkingsonderzoek.invitation.locationAddress",
        "path": "BeBevolkingsonderzoek.invitation.locationAddress",
        "short": "Human readable address of the invitation location.",
        "definition": "For some screenings, but not all, a location is provided for the patiënt.",
        "min": 0,
        "max": "1",
        "base": {
          "path": "BeBevolkingsonderzoek.invitation.locationAddress",
          "min": 0,
          "max": "1"
        },
        "type": [
          {
            "code": "string"
          }
        ]
      },
      {
        "id": "BeBevolkingsonderzoek.participation",
        "path": "BeBevolkingsonderzoek.participation",
        "short": "The participation details.",
        "definition": "A participation is not mandatory. A patiënt can choose not to participate for a screening.",
        "min": 0,
        "max": "1",
        "base": {
          "path": "BeBevolkingsonderzoek.participation",
          "min": 0,
          "max": "1"
        },
        "type": [
          {
            "code": "BackboneElement"
          }
        ]
      },
      {
        "id": "BeBevolkingsonderzoek.participation.date",
        "path": "BeBevolkingsonderzoek.participation.date",
        "short": "The date the patiënt participated in the population based screening.",
        "definition": "The date the patiënt participated in the population based screening.",
        "min": 1,
        "max": "1",
        "base": {
          "path": "BeBevolkingsonderzoek.participation.date",
          "min": 1,
          "max": "1"
        },
        "type": [
          {
            "code": "date"
          }
        ]
      },
      {
        "id": "BeBevolkingsonderzoek.participation.locationName",
        "path": "BeBevolkingsonderzoek.participation.locationName",
        "short": "Human readable name of the location where the patiënt participated.",
        "definition": "For some screenings, but not all, a location is provided for the patiënt.",
        "min": 0,
        "max": "1",
        "base": {
          "path": "BeBevolkingsonderzoek.participation.locationName",
          "min": 0,
          "max": "1"
        },
        "type": [
          {
            "code": "string"
          }
        ]
      },
      {
        "id": "BeBevolkingsonderzoek.participation.locationAddress",
        "path": "BeBevolkingsonderzoek.participation.locationAddress",
        "short": "Human readable address of the participation location.",
        "definition": "For some screenings, but not all, a location is provided for the patiënt.",
        "min": 0,
        "max": "1",
        "base": {
          "path": "BeBevolkingsonderzoek.participation.locationAddress",
          "min": 0,
          "max": "1"
        },
        "type": [
          {
            "code": "string"
          }
        ]
      },
      {
        "id": "BeBevolkingsonderzoek.participation.result",
        "path": "BeBevolkingsonderzoek.participation.result",
        "short": "If the result of participation in the population based screening",
        "definition": "Notify the patiënt if the result was abnormal/positive or normal/negative, (Afwijkend/Niet afwijkend)",
        "min": 0,
        "max": "1",
        "base": {
          "path": "BeBevolkingsonderzoek.participation.result",
          "min": 0,
          "max": "1"
        },
        "type": [
          {
            "code": "CodeableConcept"
          }
        ]
      },
      {
        "id": "BeBevolkingsonderzoek.participation.followup",
        "path": "BeBevolkingsonderzoek.participation.followup",
        "short": "Details of proposed actions for the patiënt after the screening concluded.",
        "definition": "This data acts purely as info for the patiënt to inform the patiënt of proposed actions and should not be followed up by the screening authority.",
        "min": 0,
        "max": "1",
        "base": {
          "path": "BeBevolkingsonderzoek.participation.followup",
          "min": 0,
          "max": "1"
        },
        "type": [
          {
            "code": "CodeableConcept"
          }
        ]
      },
      {
        "id": "BeBevolkingsonderzoek.participation.followup.needed",
        "path": "BeBevolkingsonderzoek.participation.followup.needed",
        "short": "Indication if the patiënt should request or take other examinations/steps based on the outcome of the screening.",
        "definition": "Indication if the patiënt should request or take other examinations/steps based on the outcome of the screening.",
        "min": 0,
        "max": "1",
        "base": {
          "path": "BeBevolkingsonderzoek.participation.followup.needed",
          "min": 0,
          "max": "1"
        },
        "type": [
          {
            "code": "boolean"
          }
        ]
      },
      {
        "id": "BeBevolkingsonderzoek.participation.followup.advice",
        "path": "BeBevolkingsonderzoek.participation.followup.advice",
        "short": "Indication what other examinations/steps the patient should taken.",
        "definition": "Indication what other examinations/steps the patient should taken.",
        "min": 0,
        "max": "1",
        "base": {
          "path": "BeBevolkingsonderzoek.participation.followup.advice",
          "min": 0,
          "max": "1"
        },
        "type": [
          {
            "code": "string"
          }
        ]
      },
      {
        "id": "BeBevolkingsonderzoek.participation.followup.approved",
        "path": "BeBevolkingsonderzoek.participation.followup.approved",
        "short": "If the patiënt has given permission to CvKO to collect follow up data (data of followup examinations/steps that follow after the screening concluded and are not organized by the screening authority.)",
        "definition": "If the patiënt has given permission to CvKO to collect follow up data (data of followup examinations/steps that follow after the screening concluded and are not organized by the screening authority.)",
        "min": 0,
        "max": "1",
        "base": {
          "path": "BeBevolkingsonderzoek.participation.followup.approved",
          "min": 0,
          "max": "1"
        },
        "type": [
          {
            "code": "boolean"
          }
        ]
      },
      {
        "id": "BeBevolkingsonderzoek.nextInvitationIndication",
        "path": "BeBevolkingsonderzoek.nextInvitationIndication",
        "short": "This field gives a short human readable indication for the patiënt if the patiënt can excpect future invitations for the population based screening en an estimation when the next invitation will be created. \nIf the patiënt will not recieve future invitations for the screening, an short explanation will be given.",
        "definition": "This field gives a short human readable indication for the patiënt if the patiënt can excpect future invitations for the population based screening en an estimation when the next invitation will be created. \nIf the patiënt will not recieve future invitations for the screening, an short explanation will be given.",
        "min": 1,
        "max": "1",
        "base": {
          "path": "BeBevolkingsonderzoek.nextInvitationIndication",
          "min": 1,
          "max": "1"
        },
        "type": [
          {
            "code": "string"
          }
        ]
      }
    ]
  },
  "differential": {
    "element": [
      {
        "id": "BeBevolkingsonderzoek",
        "path": "BeBevolkingsonderzoek",
        "definition": "Logical model for recurrent popultation based screening (Bevolkingsonderzoek). The model represents one iteration of a screening, called episode. A patiënt can have multiple episodes for a given screening. A screening of a specific type for a given patiënt can be repeated after a certain period. Each time the screening is repeated results in a new episode."
      },
      {
        "id": "BeBevolkingsonderzoek.patient",
        "path": "BeBevolkingsonderzoek.patient",
        "short": "The patiënt for the screening.",
        "definition": "The patiënt for the screening.",
        "min": 1,
        "max": "1",
        "type": [
          {
            "code": "Reference",
            "targetProfile": [
              "http://hl7.org/fhir/StructureDefinition/Patient"
            ]
          }
        ]
      },
      {
        "id": "BeBevolkingsonderzoek.screeningType",
        "path": "BeBevolkingsonderzoek.screeningType",
        "short": "The related screening",
        "definition": "The related screening, for example breastcancer, coloncancer or cervicalcancer.",
        "min": 1,
        "max": "1",
        "type": [
          {
            "code": "CodeableConcept"
          }
        ]
      },
      {
        "id": "BeBevolkingsonderzoek.screeningYear",
        "path": "BeBevolkingsonderzoek.screeningYear",
        "short": "The calender year of the screening.",
        "definition": "The year the screening process/episode for the given screenig. If the patiënt participated, the participation year is taken. If the patiënt didn't participate, the calender year of the invitation is taken. \nIf there is no invitation or participation, there will be no episode.\nFor example, if patiënt is allowed a population based screening every 2 years for a given screening type and the first screening episode invitation took place in 2022, the next episode will be created for the next invitation in 2024. \nIf the patiënt has a refusal or exclusion registered and does not have a participation/invitation, so the patiënt does not have any episodes, the calender year of the registration of the refusal/exclusion is taken.",
        "min": 1,
        "max": "1",
        "type": [
          {
            "code": "string"
          }
        ]
      },
      {
        "id": "BeBevolkingsonderzoek.invitation",
        "path": "BeBevolkingsonderzoek.invitation",
        "short": "The appointment details of the invitation.",
        "definition": "An invitation is not mandatory, in some cases a patiënt can participate for a screening without an invitation.",
        "min": 0,
        "max": "1",
        "type": [
          {
            "code": "BackboneElement"
          }
        ]
      },
      {
        "id": "BeBevolkingsonderzoek.invitation.Date",
        "path": "BeBevolkingsonderzoek.invitation.Date",
        "short": "The date the patiënt is invited to participate in the population based screening.",
        "definition": "The date the patiënt is invited to participate in the population based screening.",
        "min": 1,
        "max": "1",
        "type": [
          {
            "code": "date"
          }
        ]
      },
      {
        "id": "BeBevolkingsonderzoek.invitation.locationName",
        "path": "BeBevolkingsonderzoek.invitation.locationName",
        "short": "Human readable name of the location where the patiënt is invited to participate.",
        "definition": "For some screenings, but not all, a location is provided for the patiënt.",
        "min": 0,
        "max": "1",
        "type": [
          {
            "code": "string"
          }
        ]
      },
      {
        "id": "BeBevolkingsonderzoek.invitation.locationAddress",
        "path": "BeBevolkingsonderzoek.invitation.locationAddress",
        "short": "Human readable address of the invitation location.",
        "definition": "For some screenings, but not all, a location is provided for the patiënt.",
        "min": 0,
        "max": "1",
        "type": [
          {
            "code": "string"
          }
        ]
      },
      {
        "id": "BeBevolkingsonderzoek.participation",
        "path": "BeBevolkingsonderzoek.participation",
        "short": "The participation details.",
        "definition": "A participation is not mandatory. A patiënt can choose not to participate for a screening.",
        "min": 0,
        "max": "1",
        "type": [
          {
            "code": "BackboneElement"
          }
        ]
      },
      {
        "id": "BeBevolkingsonderzoek.participation.date",
        "path": "BeBevolkingsonderzoek.participation.date",
        "short": "The date the patiënt participated in the population based screening.",
        "definition": "The date the patiënt participated in the population based screening.",
        "min": 1,
        "max": "1",
        "type": [
          {
            "code": "date"
          }
        ]
      },
      {
        "id": "BeBevolkingsonderzoek.participation.locationName",
        "path": "BeBevolkingsonderzoek.participation.locationName",
        "short": "Human readable name of the location where the patiënt participated.",
        "definition": "For some screenings, but not all, a location is provided for the patiënt.",
        "min": 0,
        "max": "1",
        "type": [
          {
            "code": "string"
          }
        ]
      },
      {
        "id": "BeBevolkingsonderzoek.participation.locationAddress",
        "path": "BeBevolkingsonderzoek.participation.locationAddress",
        "short": "Human readable address of the participation location.",
        "definition": "For some screenings, but not all, a location is provided for the patiënt.",
        "min": 0,
        "max": "1",
        "type": [
          {
            "code": "string"
          }
        ]
      },
      {
        "id": "BeBevolkingsonderzoek.participation.result",
        "path": "BeBevolkingsonderzoek.participation.result",
        "short": "If the result of participation in the population based screening",
        "definition": "Notify the patiënt if the result was abnormal/positive or normal/negative, (Afwijkend/Niet afwijkend)",
        "min": 0,
        "max": "1",
        "type": [
          {
            "code": "CodeableConcept"
          }
        ]
      },
      {
        "id": "BeBevolkingsonderzoek.participation.followup",
        "path": "BeBevolkingsonderzoek.participation.followup",
        "short": "Details of proposed actions for the patiënt after the screening concluded.",
        "definition": "This data acts purely as info for the patiënt to inform the patiënt of proposed actions and should not be followed up by the screening authority.",
        "min": 0,
        "max": "1",
        "type": [
          {
            "code": "CodeableConcept"
          }
        ]
      },
      {
        "id": "BeBevolkingsonderzoek.participation.followup.needed",
        "path": "BeBevolkingsonderzoek.participation.followup.needed",
        "short": "Indication if the patiënt should request or take other examinations/steps based on the outcome of the screening.",
        "definition": "Indication if the patiënt should request or take other examinations/steps based on the outcome of the screening.",
        "min": 0,
        "max": "1",
        "type": [
          {
            "code": "boolean"
          }
        ]
      },
      {
        "id": "BeBevolkingsonderzoek.participation.followup.advice",
        "path": "BeBevolkingsonderzoek.participation.followup.advice",
        "short": "Indication what other examinations/steps the patient should taken.",
        "definition": "Indication what other examinations/steps the patient should taken.",
        "min": 0,
        "max": "1",
        "type": [
          {
            "code": "string"
          }
        ]
      },
      {
        "id": "BeBevolkingsonderzoek.participation.followup.approved",
        "path": "BeBevolkingsonderzoek.participation.followup.approved",
        "short": "If the patiënt has given permission to CvKO to collect follow up data (data of followup examinations/steps that follow after the screening concluded and are not organized by the screening authority.)",
        "definition": "If the patiënt has given permission to CvKO to collect follow up data (data of followup examinations/steps that follow after the screening concluded and are not organized by the screening authority.)",
        "min": 0,
        "max": "1",
        "type": [
          {
            "code": "boolean"
          }
        ]
      },
      {
        "id": "BeBevolkingsonderzoek.nextInvitationIndication",
        "path": "BeBevolkingsonderzoek.nextInvitationIndication",
        "short": "This field gives a short human readable indication for the patiënt if the patiënt can excpect future invitations for the population based screening en an estimation when the next invitation will be created. \nIf the patiënt will not recieve future invitations for the screening, an short explanation will be given.",
        "definition": "This field gives a short human readable indication for the patiënt if the patiënt can excpect future invitations for the population based screening en an estimation when the next invitation will be created. \nIf the patiënt will not recieve future invitations for the screening, an short explanation will be given.",
        "min": 1,
        "max": "1",
        "type": [
          {
            "code": "string"
          }
        ]
      }
    ]
  }
}