<?xml version="1.0" encoding="UTF-8"?>

<EpisodeOfCare xmlns="http://hl7.org/fhir">
  <id value="example"/>
  <meta>
    <profile value="https://www.ehealth.fgov.be/standards/fhir/StructureDefinition/Be-Bvo-EpisodeOfCare"/>
  </meta>
  <text>
    <status value="generated"/><div xmlns="http://www.w3.org/1999/xhtml"><p><b>Generated Narrative</b></p><div style="display: inline-block; background-color: #d9e0e7; padding: 6px; margin: 4px; border: 1px solid #8da1b4; border-radius: 5px; line-height: 60%"><p style="margin-bottom: 0px">Resource "example" </p><p style="margin-bottom: 0px">Profile: <a href="StructureDefinition-Be-Bvo-EpisodeOfCare.html">belgian-bevolkingsonderzoek-episode-of-care</a></p></div><p><b>identifier</b>: id: 123</p><p><b>status</b>: active</p><blockquote><p><b>statusHistory</b></p><p><b>status</b>: active</p><p><b>period</b>: ?? --&gt; 2014-09-14</p></blockquote><blockquote><p><b>statusHistory</b></p><p><b>status</b>: finished</p><p><b>period</b>: 2016-09-15 --&gt; (ongoing)</p></blockquote><p><b>type</b>: Home and Community Care <span style="background: LightGoldenRodYellow; margin: 4px; border: 1px solid khaki"> (<a href="http://terminology.hl7.org/3.1.0/CodeSystem-episodeofcare-type.html">Episode of care type</a>#hacc)</span></p><h3>Diagnoses</h3><table class="grid"><tr><td>-</td><td><b>Condition</b></td><td><b>Role</b></td><td><b>Rank</b></td></tr><tr><td>*</td><td><a href="https://simplifier.net/resolve?scope=ehealthplatform.be.r4.federalprofiles@1.2.2&amp;canonical=http://https://simplifier.net/ehealthplatformfederalprofiles/Condition/stroke">Condition/stroke</a></td><td>Chief complaint <span style="background: LightGoldenRodYellow; margin: 4px; border: 1px solid khaki"> (<a href="http://terminology.hl7.org/3.1.0/CodeSystem-diagnosis-role.html">DiagnosisRole</a>#CC)</span></td><td>1</td></tr></table><p><b>patient</b>: <a href="Patient-examplePatient.html">Patient/examplePatient</a> " CHALMERS"</p><p><b>managingOrganization</b>: <a href="https://simplifier.net/resolve?scope=ehealthplatform.be.r4.federalprofiles@1.2.2&amp;canonical=http://https://simplifier.net/ehealthplatformfederalprofiles/Organization/cvko">Organization/cvko</a></p><p><b>period</b>: 2014-09-01 --&gt; 2014-09-01</p><p><b>referralRequest</b>: <span>: Referral from Example Aged Care Services</span></p><p><b>careManager</b>: <a href="https://simplifier.net/resolve?scope=ehealthplatform.be.r4.federalprofiles@1.2.2&amp;canonical=http://https://simplifier.net/ehealthplatformfederalprofiles/Practitioner/14">Practitioner/14: Amanda Assigned</a></p><p><b>team</b>: <a href="https://simplifier.net/resolve?scope=ehealthplatform.be.r4.federalprofiles@1.2.2&amp;canonical=http://https://simplifier.net/ehealthplatformfederalprofiles/CareTeam/example">CareTeam/example: example care team</a></p><p><b>account</b>: <a href="https://simplifier.net/resolve?scope=ehealthplatform.be.r4.federalprofiles@1.2.2&amp;canonical=http://https://simplifier.net/ehealthplatformfederalprofiles/Account/example">Account/example: example account</a></p></div>
  </text>
  <identifier>
    <system value="http://example.org/sampleepisodeofcare-identifier"/>
    <value value="123"/>
  </identifier>
  <status value="active"/>
  <statusHistory>
    <status value="active"/>
    <period>
      <end value="2014-09-14"/>
    </period>
  </statusHistory>
  <statusHistory>
    <status value="finished"/>
    <period>
      <start value="2016-09-15"/>
    </period>
  </statusHistory>
  <type>
    <coding>
      <system value="http://terminology.hl7.org/CodeSystem/episodeofcare-type"/>
      <code value="hacc"/>
      <display value="Home and Community Care"/>
    </coding>
  </type>
  <diagnosis>
    <condition>
      <reference value="Condition/stroke"/>
    </condition>
    <role>
      <coding>
        <system value="http://terminology.hl7.org/CodeSystem/diagnosis-role"/>
        <code value="CC"/>
        <display value="Chief complaint"/>
      </coding>
    </role>
    <rank value="1"/>
  </diagnosis>
  <patient>
    <reference value="Patient/examplePatient"/>
  </patient>
  <managingOrganization>
    <reference value="Organization/cvko"/>
  </managingOrganization>
  <period>
    <start value="2014-09-01"/>
    <end value="2014-09-01"/>
  </period>
  <referralRequest>
    <display value="Referral from Example Aged Care Services"/>
  </referralRequest>
  <careManager>
    <reference value="Practitioner/14"/>
    <display value="Amanda Assigned"/>
  </careManager>
  <team>
    <reference value="CareTeam/example"/>
    <display value="example care team"/>
  </team>
  <account>
    <reference value="Account/example"/>
    <display value="example account"/>
  </account>
</EpisodeOfCare>