<?xml version="1.0" encoding="UTF-8"?><CodeSystem xmlns="http://hl7.org/fhir"><id value="BeCSBevolkingsonderzoekFollowUpAdvice"/><text><status value="generated"/><div xmlns="http://www.w3.org/1999/xhtml"><p>This code system https://www.ehealth.fgov.be/standards/fhir/CodeSystem/BeCSBevolkingsonderzoekFollowUpAdvice defines the following codes:</p><table class="codes"><tr><td style="white-space:nowrap"><b>Code</b></td><td><b>Display</b></td></tr><tr><td style="white-space:nowrap">compare_with_previous_mammography<a name="BeCSBevolkingsonderzoekFollowUpAdvice-compare_with_previous_mammography"> </a></td><td>te vergelijken met vorige mammografie</td></tr></table></div></text><url value="https://www.ehealth.fgov.be/standards/fhir/CodeSystem/BeCSBevolkingsonderzoekFollowUpAdvice"/><version value="1.2.0-draft"/><name value="BeCSBevolkingsonderzoekFollowUpAdvice"/><status value="draft"/><date value="2022-03-29T08:17:10+00:00"/><publisher value="eHealth Platform"/><contact><name value="eHealth Platform"/><telecom><system value="url"/><value value="http://example.com/committees"/></telecom><telecom><system value="email"/><value value="message-structure@ehealth.fgov.be"/></telecom></contact><contact><name value="Sven Dhaens"/><telecom><system value="email"/><value value="sven.dhaens@axians.com"/><use value="work"/></telecom></contact><contact><name value="Kurt Dhaene"/><telecom><system value="email"/><value value="kurt.dhaene@axians.com"/><use value="work"/></telecom></contact><description value="Code system for follow up advice for Bevolkingsonderzoek screenings"/><jurisdiction><coding><system value="http://unstats.un.org/unsd/methods/m49/m49.htm"/><code value="056"/><display value="Belgium"/></coding></jurisdiction><content value="complete"/><count value="1"/><concept><code value="compare_with_previous_mammography"/><display value="te vergelijken met vorige mammografie"/></concept></CodeSystem>