<?xml version="1.0" encoding="UTF-8"?><ImplementationGuide xmlns="http://hl7.org/fhir"><id value="fed.be.core.bevolkingsonderzoek-ig"/><text><status value="extensions"/><div xmlns="http://www.w3.org/1999/xhtml"><h2>TheCoreBelgianFederalFHIRProfilesBevolkingsonderzoekIG</h2><p>The official URL for this implementation guide is: </p><pre>http://example.com/fhir/example</pre><div><p>Bevolkingsonderzoek IG exercises many of the fields in a SUSHI configuration.</p>
</div></div></text><url value="http://example.com/fhir/example"/><version value="1.2.0-draft"/><name value="TheCoreBelgianFederalFHIRProfilesBevolkingsonderzoekIG"/><title value="HL7 FHIR Implementation Guide: Bevolkingsonderzoek IG Release 1 - BE Realm | STU1"/><status value="active"/><date value="2020-02-26"/><publisher value="eHealth Platform"/><contact><name value="eHealth Platform"/><telecom><system value="url"/><value value="http://example.com/committees"/></telecom><telecom><system value="email"/><value value="message-structure@ehealth.fgov.be"/></telecom></contact><contact><name value="Sven Dhaens"/><telecom><system value="email"/><value value="sven.dhaens@axians.com"/><use value="work"/></telecom></contact><contact><name value="Kurt Dhaene"/><telecom><system value="email"/><value value="kurt.dhaene@axians.com"/><use value="work"/></telecom></contact><description value="Bevolkingsonderzoek IG exercises many of the fields in a SUSHI configuration."/><jurisdiction><coding><system value="http://unstats.un.org/unsd/methods/m49/m49.htm"/><code value="056"/><display value="Belgium"/></coding></jurisdiction><packageId value="fed.be.core.bevolkingsonderzoek-ig"/><license value="CC0-1.0"/><fhirVersion value="4.0.1"/><dependsOn id="hl7_be_fhir_core"><uri value="https://www.hl7belgium.org/fhir/ImplementationGuide/hl7.be.fhir.core"/><packageId value="hl7.be.fhir.core"/><version value="current"/></dependsOn><definition><extension url="http://hl7.org/fhir/tools/StructureDefinition/ig-parameter"><extension url="code"><valueString value="copyrightyear"/></extension><extension url="value"><valueString value="2021+"/></extension></extension><extension url="http://hl7.org/fhir/tools/StructureDefinition/ig-parameter"><extension url="code"><valueString value="releaselabel"/></extension><extension url="value"><valueString value="STU1"/></extension></extension><extension url="http://hl7.org/fhir/tools/StructureDefinition/ig-parameter"><extension url="code"><valueString value="path-liquid"/></extension><extension url="value"><valueString value="template/liquid"/></extension></extension><extension url="http://hl7.org/fhir/tools/StructureDefinition/ig-parameter"><extension url="code"><valueString value="path-liquid"/></extension><extension url="value"><valueString value="input/liquid"/></extension></extension><extension url="http://hl7.org/fhir/tools/StructureDefinition/ig-parameter"><extension url="code"><valueString value="path-qa"/></extension><extension url="value"><valueString value="temp/qa"/></extension></extension><extension url="http://hl7.org/fhir/tools/StructureDefinition/ig-parameter"><extension url="code"><valueString value="path-temp"/></extension><extension url="value"><valueString value="temp/pages"/></extension></extension><extension url="http://hl7.org/fhir/tools/StructureDefinition/ig-parameter"><extension url="code"><valueString value="path-output"/></extension><extension url="value"><valueString value="output"/></extension></extension><extension url="http://hl7.org/fhir/tools/StructureDefinition/ig-parameter"><extension url="code"><valueString value="path-suppressed-warnings"/></extension><extension url="value"><valueString value="input/ignoreWarnings.txt"/></extension></extension><extension url="http://hl7.org/fhir/tools/StructureDefinition/ig-parameter"><extension url="code"><valueString value="path-history"/></extension><extension url="value"><valueString value="history.html"/></extension></extension><extension url="http://hl7.org/fhir/tools/StructureDefinition/ig-parameter"><extension url="code"><valueString value="template-html"/></extension><extension url="value"><valueString value="template-page.html"/></extension></extension><extension url="http://hl7.org/fhir/tools/StructureDefinition/ig-parameter"><extension url="code"><valueString value="template-md"/></extension><extension url="value"><valueString value="template-page-md.html"/></extension></extension><extension url="http://hl7.org/fhir/tools/StructureDefinition/ig-parameter"><extension url="code"><valueString value="apply-contact"/></extension><extension url="value"><valueString value="true"/></extension></extension><extension url="http://hl7.org/fhir/tools/StructureDefinition/ig-parameter"><extension url="code"><valueString value="apply-context"/></extension><extension url="value"><valueString value="true"/></extension></extension><extension url="http://hl7.org/fhir/tools/StructureDefinition/ig-parameter"><extension url="code"><valueString value="apply-copyright"/></extension><extension url="value"><valueString value="true"/></extension></extension><extension url="http://hl7.org/fhir/tools/StructureDefinition/ig-parameter"><extension url="code"><valueString value="apply-jurisdiction"/></extension><extension url="value"><valueString value="true"/></extension></extension><extension url="http://hl7.org/fhir/tools/StructureDefinition/ig-parameter"><extension url="code"><valueString value="apply-license"/></extension><extension url="value"><valueString value="true"/></extension></extension><extension url="http://hl7.org/fhir/tools/StructureDefinition/ig-parameter"><extension url="code"><valueString value="apply-publisher"/></extension><extension url="value"><valueString value="true"/></extension></extension><extension url="http://hl7.org/fhir/tools/StructureDefinition/ig-parameter"><extension url="code"><valueString value="apply-version"/></extension><extension url="value"><valueString value="true"/></extension></extension><extension url="http://hl7.org/fhir/tools/StructureDefinition/ig-parameter"><extension url="code"><valueString value="active-tables"/></extension><extension url="value"><valueString value="true"/></extension></extension><extension url="http://hl7.org/fhir/tools/StructureDefinition/ig-parameter"><extension url="code"><valueString value="fmm-definition"/></extension><extension url="value"><valueString value="http://hl7.org/fhir/versions.html#maturity"/></extension></extension><extension url="http://hl7.org/fhir/tools/StructureDefinition/ig-parameter"><extension url="code"><valueString value="propagate-status"/></extension><extension url="value"><valueString value="true"/></extension></extension><extension url="http://hl7.org/fhir/tools/StructureDefinition/ig-parameter"><extension url="code"><valueString value="excludelogbinaryformat"/></extension><extension url="value"><valueString value="true"/></extension></extension><grouping id="-str-logicalmodel"><name value="Structures: Logical Models"/><description value="These define data models that represent the domain covered by this implementation guide in more business-friendly terms than the underlying FHIR resources."/></grouping><grouping id="-str-profile"><name value="Structures: Resource Profiles"/><description value="These define constraints on FHIR resources for systems conforming to this implementation guide"/></grouping><grouping id="-str-extension"><name value="Structures: Extension Definitions"/><description value="These define constraints on FHIR data types for systems conforming to this implementation guide"/></grouping><grouping id="-term-valueset"><name value="Terminology: Value Sets"/><description value="These define sets of codes used by systems conforming to this implementation guide"/></grouping><grouping id="-term-codesystem"><name value="Terminology: Code Systems"/><description value="These define new code systems used by systems conforming to this implementation guide"/></grouping><grouping id="-ex-example"><name value="Example: Example Instances"/><description value="These are example instances that show what data produced and consumed by systems conforming with this implementation guide might look like"/></grouping><resource><extension url="http://hl7.org/fhir/StructureDefinition/implementationguide-page"><valueUri value="StructureDefinition-be-bevolkingsonderzoek-follow-up.html"/></extension><reference><reference value="StructureDefinition/be-bevolkingsonderzoek-follow-up"/></reference><name value="Be Bevolkingsonderzoek Follow Up"/><description value="These are an indication which actions a patiënt can take next or which follow up examinations are proposed. This is a proposal. &#xA;This resource exists to notify the patiënt that the patiënt should request additional examinations if the result was positive. &#xA;If the screening was negative, the follow up examination should not be performed. In case of a negative result, the resource should not exist."/><exampleBoolean value="false"/><groupingId value="-str-profile"/></resource><resource><extension url="http://hl7.org/fhir/StructureDefinition/implementationguide-page"><valueUri value="StructureDefinition-be-bvo-appointment.html"/></extension><reference><reference value="StructureDefinition/be-bvo-appointment"/></reference><name value="Be Bvo Appointment"/><description value="Appointment for bevolkingsonderzoek"/><exampleBoolean value="false"/><groupingId value="-str-profile"/></resource><resource><extension url="http://hl7.org/fhir/StructureDefinition/implementationguide-page"><valueUri value="StructureDefinition-be-bvo-encounter.html"/></extension><reference><reference value="StructureDefinition/be-bvo-encounter"/></reference><name value="Be Bvo Encounter"/><description value="Encounter for screening - deelname aan bevolkingsonderzoek"/><exampleBoolean value="false"/><groupingId value="-str-profile"/></resource><resource><extension url="http://hl7.org/fhir/StructureDefinition/implementationguide-page"><valueUri value="StructureDefinition-be-bvo-observation.html"/></extension><reference><reference value="StructureDefinition/be-bvo-observation"/></reference><name value="Be Bvo Observation"/><description value="Observation result of screening"/><exampleBoolean value="false"/><groupingId value="-str-profile"/></resource><resource><extension url="http://hl7.org/fhir/StructureDefinition/implementationguide-page"><valueUri value="StructureDefinition-be-location.html"/></extension><reference><reference value="StructureDefinition/be-location"/></reference><name value="Be Location"/><description value="Location with BE address"/><exampleBoolean value="false"/><groupingId value="-str-profile"/></resource><resource><extension url="http://hl7.org/fhir/StructureDefinition/implementationguide-page"><valueUri value="StructureDefinition-Be-Bvo-EpisodeOfCare.html"/></extension><reference><reference value="StructureDefinition/Be-Bvo-EpisodeOfCare"/></reference><name value="BE Episode Bevolkingsonderzoek"/><description value="Manages a recurring periodical workflow for diagnostics in regard to a specific Condition."/><exampleBoolean value="false"/><groupingId value="-str-profile"/></resource><resource><extension url="http://hl7.org/fhir/StructureDefinition/implementationguide-page"><valueUri value="StructureDefinition-BvoNextInvitationIndication.html"/></extension><reference><reference value="StructureDefinition/BvoNextInvitationIndication"/></reference><name value="BvoNextInvitationIndication"/><description value="The estimated date on which to expect the next invitation"/><exampleBoolean value="false"/><groupingId value="-str-extension"/></resource><resource><extension url="http://hl7.org/fhir/StructureDefinition/implementationguide-page"><valueUri value="StructureDefinition-BeBevolkingsonderzoek.html"/></extension><reference><reference value="StructureDefinition/BeBevolkingsonderzoek"/></reference><name value="BeBevolkingsonderzoek"/><description value="Logical model for recurrent popultation based screening (Bevolkingsonderzoek). The model represents one iteration of a screening, called episode. A patiënt can have multiple episodes for a given screening. A screening of a specific type for a given patiënt can be repeated after a certain period. Each time the screening is repeated results in a new episode."/><exampleBoolean value="false"/><groupingId value="-str-logicalmodel"/></resource><resource><extension url="http://hl7.org/fhir/StructureDefinition/implementationguide-page"><valueUri value="ValueSet-be-bvo-result-vs.html"/></extension><reference><reference value="ValueSet/be-bvo-result-vs"/></reference><name value="Be Bvo Result VS"/><description value="Result"/><exampleBoolean value="false"/><groupingId value="-term-valueset"/></resource><resource><extension url="http://hl7.org/fhir/StructureDefinition/implementationguide-page"><valueUri value="ValueSet-be-vsbevolkingsonderzoek-body-site-location.html"/></extension><reference><reference value="ValueSet/be-vsbevolkingsonderzoek-body-site-location"/></reference><name value="Be VS Bevolkingsonderzoek Body Site Location"/><description value="Location on body"/><exampleBoolean value="false"/><groupingId value="-term-valueset"/></resource><resource><extension url="http://hl7.org/fhir/StructureDefinition/implementationguide-page"><valueUri value="ValueSet-BeVSBevolkingsonderzoekFollowUpAdvice.html"/></extension><reference><reference value="ValueSet/BeVSBevolkingsonderzoekFollowUpAdvice"/></reference><name value="BeVSBevolkingsonderzoekFollowUpAdvice"/><description value="Possible follow up actions"/><exampleBoolean value="false"/><groupingId value="-term-valueset"/></resource><resource><extension url="http://hl7.org/fhir/StructureDefinition/implementationguide-page"><valueUri value="ValueSet-bevolkingsonderzoek-screening-vs.html"/></extension><reference><reference value="ValueSet/bevolkingsonderzoek-screening-vs"/></reference><name value="Bevolkingsonderzoek Screening VS"/><description value="Bevolkingsonderzoek screening types"/><exampleBoolean value="false"/><groupingId value="-term-valueset"/></resource><resource><extension url="http://hl7.org/fhir/StructureDefinition/implementationguide-page"><valueUri value="CodeSystem-BeCSBevolkingsonderzoekFollowUpAdvice.html"/></extension><reference><reference value="CodeSystem/BeCSBevolkingsonderzoekFollowUpAdvice"/></reference><name value="BeCSBevolkingsonderzoekFollowUpAdvice"/><description value="Code system for follow up advice for Bevolkingsonderzoek screenings"/><exampleBoolean value="false"/><groupingId value="-term-codesystem"/></resource><resource><extension url="http://hl7.org/fhir/StructureDefinition/implementationguide-page"><valueUri value="Encounter-BreastCancerEncounterExample.html"/></extension><extension url="http://hl7.org/fhir/tools/StructureDefinition/contained-resource-information"><extension url="type"><valueCode value="Location"/></extension><extension url="id"><valueId value="mammographicUnit"/></extension><extension url="title"><valueString value="Location"/></extension><extension url="description"/></extension><reference><reference value="Encounter/BreastCancerEncounterExample"/></reference><name value="Breast Cancer Encounter Example"/><description value="Participation for breastcancer screening"/><exampleCanonical value="https://www.ehealth.fgov.be/standards/fhir/StructureDefinition/be-bvo-encounter"/><groupingId value="-ex-example"/></resource><resource><extension url="http://hl7.org/fhir/StructureDefinition/implementationguide-page"><valueUri value="Appointment-BreastCancerScreeningAppointment.html"/></extension><extension url="http://hl7.org/fhir/tools/StructureDefinition/contained-resource-information"><extension url="type"><valueCode value="Location"/></extension><extension url="id"><valueId value="mammographicUnit"/></extension><extension url="title"><valueString value="Location"/></extension><extension url="description"/></extension><reference><reference value="Appointment/BreastCancerScreeningAppointment"/></reference><name value="Appointment Breast Cancer Screening"/><description value="Appointment for mammography in a mammographic unit in context of breast cancer screening"/><exampleCanonical value="https://www.ehealth.fgov.be/standards/fhir/StructureDefinition/be-bvo-appointment"/><groupingId value="-ex-example"/></resource><resource><extension url="http://hl7.org/fhir/StructureDefinition/implementationguide-page"><valueUri value="ServiceRequest-BreastCancerScreeningFollowUpExample.html"/></extension><reference><reference value="ServiceRequest/BreastCancerScreeningFollowUpExample"/></reference><name value="Breast Cancer Screening Follow Up Example"/><description value="Follow up after positive breast cancer screening. This is a proposal. This resource exists to notify the patiënt that the patiënt should request additional examinations."/><exampleCanonical value="https://www.ehealth.fgov.be/standards/fhir/StructureDefinition/be-bevolkingsonderzoek-follow-up"/><groupingId value="-ex-example"/></resource><resource><extension url="http://hl7.org/fhir/StructureDefinition/implementationguide-page"><valueUri value="ServiceRequest-BreastCancerScreeningFollowUpWithExample2.html"/></extension><reference><reference value="ServiceRequest/BreastCancerScreeningFollowUpWithExample2"/></reference><name value="Breast Cancer Screening Follow Up Example 2"/><description value="Follow up after positive breast cancer screening. This is a proposal. This resource exists to notify the patiënt that the patiënt should request additional examinations."/><exampleCanonical value="https://www.ehealth.fgov.be/standards/fhir/StructureDefinition/be-bevolkingsonderzoek-follow-up"/><groupingId value="-ex-example"/></resource><resource><extension url="http://hl7.org/fhir/StructureDefinition/implementationguide-page"><valueUri value="Appointment-CervicalCancerScreeningAppointment.html"/></extension><reference><reference value="Appointment/CervicalCancerScreeningAppointment"/></reference><name value="Appointment Cervical Cancer Screening"/><description value="Proposed appointment in context of cervical cancer screening"/><exampleCanonical value="https://www.ehealth.fgov.be/standards/fhir/StructureDefinition/be-bvo-appointment"/><groupingId value="-ex-example"/></resource><resource><extension url="http://hl7.org/fhir/StructureDefinition/implementationguide-page"><valueUri value="Appointment-ColonCancerScreeningAppointment.html"/></extension><reference><reference value="Appointment/ColonCancerScreeningAppointment"/></reference><name value="Appointment Colon Cancer Screening"/><description value="Appointment for stool sample in context of colon cancer screening"/><exampleCanonical value="https://www.ehealth.fgov.be/standards/fhir/StructureDefinition/be-bvo-appointment"/><groupingId value="-ex-example"/></resource><resource><extension url="http://hl7.org/fhir/StructureDefinition/implementationguide-page"><valueUri value="ServiceRequest-ColorectalCancerScreeningFollowUpExample.html"/></extension><reference><reference value="ServiceRequest/ColorectalCancerScreeningFollowUpExample"/></reference><name value="Colorectal Cancer Screening Follow Up Example Positive"/><description value="Follow up after positive colorectal cancer screening"/><exampleCanonical value="https://www.ehealth.fgov.be/standards/fhir/StructureDefinition/be-bevolkingsonderzoek-follow-up"/><groupingId value="-ex-example"/></resource><resource><extension url="http://hl7.org/fhir/StructureDefinition/implementationguide-page"><valueUri value="Organization-CvKO.html"/></extension><reference><reference value="Organization/CvKO"/></reference><name value="CvKO"/><exampleBoolean value="true"/><groupingId value="-ex-example"/></resource><resource><extension url="http://hl7.org/fhir/StructureDefinition/implementationguide-page"><valueUri value="Patient-JaneDoe.html"/></extension><reference><reference value="Patient/JaneDoe"/></reference><name value="JaneDoe"/><description value="female example patient"/><exampleBoolean value="true"/><groupingId value="-ex-example"/></resource><resource><extension url="http://hl7.org/fhir/StructureDefinition/implementationguide-page"><valueUri value="Observation-PositiveBreastCancerResult.html"/></extension><reference><reference value="Observation/PositiveBreastCancerResult"/></reference><name value="Positive Breast Cancer Result"/><description value="Observation with positive/abnormal result"/><exampleCanonical value="https://www.ehealth.fgov.be/standards/fhir/StructureDefinition/be-bvo-observation"/><groupingId value="-ex-example"/></resource><resource><extension url="http://hl7.org/fhir/StructureDefinition/implementationguide-page"><valueUri value="EpisodeOfCare-exampleEpisodeBevolkingsonderzoek.html"/></extension><reference><reference value="EpisodeOfCare/exampleEpisodeBevolkingsonderzoek"/></reference><name value="exampleEpisodeBevolkingsonderzoek"/><exampleCanonical value="https://www.ehealth.fgov.be/standards/fhir/StructureDefinition/Be-Bvo-EpisodeOfCare"/><groupingId value="-ex-example"/></resource><resource><extension url="http://hl7.org/fhir/StructureDefinition/implementationguide-page"><valueUri value="Patient-exampleMaleBePatient.html"/></extension><reference><reference value="Patient/exampleMaleBePatient"/></reference><name value="exampleMaleBePatient"/><exampleBoolean value="true"/><groupingId value="-ex-example"/></resource><page><nameUrl value="toc.html"/><title value="Table of Contents"/><generation value="html"/><page><nameUrl value="index.html"/><title value="Home"/><generation value="html"/></page><page><nameUrl value="background.html"/><title value="Background"/><generation value="html"/></page><page><nameUrl value="changes.html"/><title value="Changes"/><generation value="html"/></page><page><nameUrl value="downloads.html"/><title value="Downloads"/><generation value="html"/></page><page><nameUrl value="spec.html"/><title value="Spec"/><generation value="markdown"/></page><page><nameUrl value="artifacts.html"/><title value="Artifacts Summary"/><generation value="html"/><page><nameUrl value="StructureDefinition-BeBevolkingsonderzoek.html"/><title value="BeBevolkingsonderzoek"/><generation value="generated"/></page><page><nameUrl value="StructureDefinition-be-bevolkingsonderzoek-follow-up.html"/><title value="Be Bevolkingsonderzoek Follow Up"/><generation value="generated"/></page><page><nameUrl value="StructureDefinition-be-bvo-appointment.html"/><title value="Be Bvo Appointment"/><generation value="generated"/></page><page><nameUrl value="StructureDefinition-be-bvo-encounter.html"/><title value="Be Bvo Encounter"/><generation value="generated"/></page><page><nameUrl value="StructureDefinition-be-bvo-observation.html"/><title value="Be Bvo Observation"/><generation value="generated"/></page><page><nameUrl value="StructureDefinition-be-location.html"/><title value="Be Location"/><generation value="generated"/></page><page><nameUrl value="StructureDefinition-Be-Bvo-EpisodeOfCare.html"/><title value="BE Episode Bevolkingsonderzoek"/><generation value="generated"/></page><page><nameUrl value="StructureDefinition-BvoNextInvitationIndication.html"/><title value="BvoNextInvitationIndication"/><generation value="generated"/></page><page><nameUrl value="ValueSet-be-bvo-result-vs.html"/><title value="Be Bvo Result VS"/><generation value="generated"/></page><page><nameUrl value="ValueSet-be-vsbevolkingsonderzoek-body-site-location.html"/><title value="Be VS Bevolkingsonderzoek Body Site Location"/><generation value="generated"/></page><page><nameUrl value="ValueSet-BeVSBevolkingsonderzoekFollowUpAdvice.html"/><title value="BeVSBevolkingsonderzoekFollowUpAdvice"/><generation value="generated"/></page><page><nameUrl value="ValueSet-bevolkingsonderzoek-screening-vs.html"/><title value="Bevolkingsonderzoek Screening VS"/><generation value="generated"/></page><page><nameUrl value="CodeSystem-BeCSBevolkingsonderzoekFollowUpAdvice.html"/><title value="BeCSBevolkingsonderzoekFollowUpAdvice"/><generation value="generated"/></page><page><nameUrl value="Encounter-BreastCancerEncounterExample.html"/><title value="Breast Cancer Encounter Example"/><generation value="generated"/><page><nameUrl value="Location-BreastCancerEncounterExample_mammographicUnit.html"/><title value="Location"/><generation value="generated"/></page></page><page><nameUrl value="Appointment-BreastCancerScreeningAppointment.html"/><title value="Appointment Breast Cancer Screening"/><generation value="generated"/><page><nameUrl value="Location-BreastCancerScreeningAppointment_mammographicUnit.html"/><title value="Location"/><generation value="generated"/></page></page><page><nameUrl value="ServiceRequest-BreastCancerScreeningFollowUpExample.html"/><title value="Breast Cancer Screening Follow Up Example"/><generation value="generated"/></page><page><nameUrl value="ServiceRequest-BreastCancerScreeningFollowUpWithExample2.html"/><title value="Breast Cancer Screening Follow Up Example 2"/><generation value="generated"/></page><page><nameUrl value="Appointment-CervicalCancerScreeningAppointment.html"/><title value="Appointment Cervical Cancer Screening"/><generation value="generated"/></page><page><nameUrl value="Appointment-ColonCancerScreeningAppointment.html"/><title value="Appointment Colon Cancer Screening"/><generation value="generated"/></page><page><nameUrl value="ServiceRequest-ColorectalCancerScreeningFollowUpExample.html"/><title value="Colorectal Cancer Screening Follow Up Example Positive"/><generation value="generated"/></page><page><nameUrl value="Organization-CvKO.html"/><title value="CvKO"/><generation value="generated"/></page><page><nameUrl value="Patient-JaneDoe.html"/><title value="JaneDoe"/><generation value="generated"/></page><page><nameUrl value="Observation-PositiveBreastCancerResult.html"/><title value="Positive Breast Cancer Result"/><generation value="generated"/></page><page><nameUrl value="EpisodeOfCare-exampleEpisodeBevolkingsonderzoek.html"/><title value="exampleEpisodeBevolkingsonderzoek"/><generation value="generated"/></page><page><nameUrl value="Patient-exampleMaleBePatient.html"/><title value="exampleMaleBePatient"/><generation value="generated"/></page></page></page><parameter><code value="path-resource"/><value value="input/capabilities"/></parameter><parameter><code value="path-resource"/><value value="input/examples"/></parameter><parameter><code value="path-resource"/><value value="input/extensions"/></parameter><parameter><code value="path-resource"/><value value="input/models"/></parameter><parameter><code value="path-resource"/><value value="input/operations"/></parameter><parameter><code value="path-resource"/><value value="input/profiles"/></parameter><parameter><code value="path-resource"/><value value="input/resources"/></parameter><parameter><code value="path-resource"/><value value="input/vocabulary"/></parameter><parameter><code value="path-resource"/><value value="input/maps"/></parameter><parameter><code value="path-resource"/><value value="input/testing"/></parameter><parameter><code value="path-resource"/><value value="input/history"/></parameter><parameter><code value="path-resource"/><value value="fsh-generated/resources"/></parameter><parameter><code value="path-pages"/><value value="template/config"/></parameter><parameter><code value="path-pages"/><value value="input/images"/></parameter><parameter><code value="path-tx-cache"/><value value="input-cache/txcache"/></parameter></definition></ImplementationGuide>