<?xml version="1.0" encoding="UTF-8"?><ValueSet xmlns="http://hl7.org/fhir"><id value="be-vsbevolkingsonderzoek-body-site-location"/><text><status value="generated"/><div xmlns="http://www.w3.org/1999/xhtml"><ul><li>Include these codes as defined in <code>http://snomed.info/sct/</code><table class="none"><tr><td style="white-space:nowrap"><b>Code</b></td><td><b>Display</b></td></tr><tr><td>80248007</td><td>Left breast</td></tr><tr><td>73056007</td><td>Right breast</td></tr></table></li></ul></div></text><url value="https://www.ehealth.fgov.be/standards/fhir/ValueSet/be-vsbevolkingsonderzoek-body-site-location"/><version value="1.2.0-draft"/><name value="BeVSBevolkingsonderzoekBodySiteLocation"/><title value="Be VS Bevolkingsonderzoek Body Site Location"/><status value="draft"/><date value="2022-03-30T15:39:36+00:00"/><publisher value="eHealth Platform"/><contact><name value="eHealth Platform"/><telecom><system value="url"/><value value="http://example.com/committees"/></telecom><telecom><system value="email"/><value value="message-structure@ehealth.fgov.be"/></telecom></contact><contact><name value="Sven Dhaens"/><telecom><system value="email"/><value value="sven.dhaens@axians.com"/><use value="work"/></telecom></contact><contact><name value="Kurt Dhaene"/><telecom><system value="email"/><value value="kurt.dhaene@axians.com"/><use value="work"/></telecom></contact><description value="Location on body"/><jurisdiction><coding><system value="http://unstats.un.org/unsd/methods/m49/m49.htm"/><code value="056"/><display value="Belgium"/></coding></jurisdiction><compose><include><system value="http://snomed.info/sct/"/><concept><code value="80248007"/><display value="Left breast"/></concept><concept><code value="73056007"/><display value="Right breast"/></concept></include></compose></ValueSet>