{"resourceType":"CodeSystem","id":"BeCSBevolkingsonderzoekFollowUpAdvice","text":{"status":"generated","div":"<div xmlns=\"http://www.w3.org/1999/xhtml\"><p>This code system https://www.ehealth.fgov.be/standards/fhir/CodeSystem/BeCSBevolkingsonderzoekFollowUpAdvice defines the following codes:</p><table class=\"codes\"><tr><td style=\"white-space:nowrap\"><b>Code</b></td><td><b>Display</b></td></tr><tr><td style=\"white-space:nowrap\">compare_with_previous_mammography<a name=\"BeCSBevolkingsonderzoekFollowUpAdvice-compare_with_previous_mammography\"> </a></td><td>te vergelijken met vorige mammografie</td></tr></table></div>"},"url":"https://www.ehealth.fgov.be/standards/fhir/CodeSystem/BeCSBevolkingsonderzoekFollowUpAdvice","version":"1.2.0-draft","name":"BeCSBevolkingsonderzoekFollowUpAdvice","status":"draft","date":"2022-04-06T16:28:25+00:00","publisher":"eHealth Platform","contact":[{"name":"eHealth Platform","telecom":[{"system":"url","value":"http://example.com/committees"},{"system":"email","value":"message-structure@ehealth.fgov.be"}]},{"name":"Sven Dhaens","telecom":[{"system":"email","value":"sven.dhaens@axians.com","use":"work"}]},{"name":"Kurt Dhaene","telecom":[{"system":"email","value":"kurt.dhaene@axians.com","use":"work"}]}],"description":"Code system for follow up advice for Bevolkingsonderzoek screenings","jurisdiction":[{"coding":[{"system":"http://unstats.un.org/unsd/methods/m49/m49.htm","code":"056","display":"Belgium"}]}],"content":"complete","count":1,"concept":[{"code":"compare_with_previous_mammography","display":"te vergelijken met vorige mammografie"}]}