{"resourceType":"ImplementationGuide","id":"fed.be.core.bevolkingsonderzoek-ig","text":{"status":"extensions","div":"<div xmlns=\"http://www.w3.org/1999/xhtml\"><h2>TheCoreBelgianFederalFHIRProfilesBevolkingsonderzoekIG</h2><p>The official URL for this implementation guide is: </p><pre>http://example.com/fhir/example</pre><div><p>Bevolkingsonderzoek IG exercises many of the fields in a SUSHI configuration.</p>\n</div></div>"},"url":"http://example.com/fhir/example","version":"1.2.0-draft","name":"TheCoreBelgianFederalFHIRProfilesBevolkingsonderzoekIG","title":"HL7 FHIR Implementation Guide: Bevolkingsonderzoek IG Release 1 - BE Realm | STU1","status":"active","date":"2020-02-26","publisher":"eHealth Platform","contact":[{"name":"eHealth Platform","telecom":[{"system":"url","value":"http://example.com/committees"},{"system":"email","value":"message-structure@ehealth.fgov.be"}]},{"name":"Sven Dhaens","telecom":[{"system":"email","value":"sven.dhaens@axians.com","use":"work"}]},{"name":"Kurt Dhaene","telecom":[{"system":"email","value":"kurt.dhaene@axians.com","use":"work"}]}],"description":"Bevolkingsonderzoek IG exercises many of the fields in a SUSHI configuration.","jurisdiction":[{"coding":[{"system":"http://unstats.un.org/unsd/methods/m49/m49.htm","code":"056","display":"Belgium"}]}],"packageId":"fed.be.core.bevolkingsonderzoek-ig","license":"CC0-1.0","fhirVersion":["4.0.1"],"dependsOn":[{"id":"hl7_be_fhir_core","uri":"https://www.hl7belgium.org/fhir/ImplementationGuide/hl7.be.fhir.core","packageId":"hl7.be.fhir.core","version":"current"}],"definition":{"extension":[{"extension":[{"url":"code","valueString":"copyrightyear"},{"url":"value","valueString":"2021+"}],"url":"http://hl7.org/fhir/tools/StructureDefinition/ig-parameter"},{"extension":[{"url":"code","valueString":"releaselabel"},{"url":"value","valueString":"STU1"}],"url":"http://hl7.org/fhir/tools/StructureDefinition/ig-parameter"},{"extension":[{"url":"code","valueString":"path-liquid"},{"url":"value","valueString":"template/liquid"}],"url":"http://hl7.org/fhir/tools/StructureDefinition/ig-parameter"},{"extension":[{"url":"code","valueString":"path-liquid"},{"url":"value","valueString":"input/liquid"}],"url":"http://hl7.org/fhir/tools/StructureDefinition/ig-parameter"},{"extension":[{"url":"code","valueString":"path-qa"},{"url":"value","valueString":"temp/qa"}],"url":"http://hl7.org/fhir/tools/StructureDefinition/ig-parameter"},{"extension":[{"url":"code","valueString":"path-temp"},{"url":"value","valueString":"temp/pages"}],"url":"http://hl7.org/fhir/tools/StructureDefinition/ig-parameter"},{"extension":[{"url":"code","valueString":"path-output"},{"url":"value","valueString":"output"}],"url":"http://hl7.org/fhir/tools/StructureDefinition/ig-parameter"},{"extension":[{"url":"code","valueString":"path-suppressed-warnings"},{"url":"value","valueString":"input/ignoreWarnings.txt"}],"url":"http://hl7.org/fhir/tools/StructureDefinition/ig-parameter"},{"extension":[{"url":"code","valueString":"path-history"},{"url":"value","valueString":"history.html"}],"url":"http://hl7.org/fhir/tools/StructureDefinition/ig-parameter"},{"extension":[{"url":"code","valueString":"template-html"},{"url":"value","valueString":"template-page.html"}],"url":"http://hl7.org/fhir/tools/StructureDefinition/ig-parameter"},{"extension":[{"url":"code","valueString":"template-md"},{"url":"value","valueString":"template-page-md.html"}],"url":"http://hl7.org/fhir/tools/StructureDefinition/ig-parameter"},{"extension":[{"url":"code","valueString":"apply-contact"},{"url":"value","valueString":"true"}],"url":"http://hl7.org/fhir/tools/StructureDefinition/ig-parameter"},{"extension":[{"url":"code","valueString":"apply-context"},{"url":"value","valueString":"true"}],"url":"http://hl7.org/fhir/tools/StructureDefinition/ig-parameter"},{"extension":[{"url":"code","valueString":"apply-copyright"},{"url":"value","valueString":"true"}],"url":"http://hl7.org/fhir/tools/StructureDefinition/ig-parameter"},{"extension":[{"url":"code","valueString":"apply-jurisdiction"},{"url":"value","valueString":"true"}],"url":"http://hl7.org/fhir/tools/StructureDefinition/ig-parameter"},{"extension":[{"url":"code","valueString":"apply-license"},{"url":"value","valueString":"true"}],"url":"http://hl7.org/fhir/tools/StructureDefinition/ig-parameter"},{"extension":[{"url":"code","valueString":"apply-publisher"},{"url":"value","valueString":"true"}],"url":"http://hl7.org/fhir/tools/StructureDefinition/ig-parameter"},{"extension":[{"url":"code","valueString":"apply-version"},{"url":"value","valueString":"true"}],"url":"http://hl7.org/fhir/tools/StructureDefinition/ig-parameter"},{"extension":[{"url":"code","valueString":"active-tables"},{"url":"value","valueString":"true"}],"url":"http://hl7.org/fhir/tools/StructureDefinition/ig-parameter"},{"extension":[{"url":"code","valueString":"fmm-definition"},{"url":"value","valueString":"http://hl7.org/fhir/versions.html#maturity"}],"url":"http://hl7.org/fhir/tools/StructureDefinition/ig-parameter"},{"extension":[{"url":"code","valueString":"propagate-status"},{"url":"value","valueString":"true"}],"url":"http://hl7.org/fhir/tools/StructureDefinition/ig-parameter"},{"extension":[{"url":"code","valueString":"excludelogbinaryformat"},{"url":"value","valueString":"true"}],"url":"http://hl7.org/fhir/tools/StructureDefinition/ig-parameter"}],"grouping":[{"id":"-str-logicalmodel","name":"Structures: Logical Models","description":"These define data models that represent the domain covered by this implementation guide in more business-friendly terms than the underlying FHIR resources."},{"id":"-str-profile","name":"Structures: Resource Profiles","description":"These define constraints on FHIR resources for systems conforming to this implementation guide"},{"id":"-str-extension","name":"Structures: Extension Definitions","description":"These define constraints on FHIR data types for systems conforming to this implementation guide"},{"id":"-term-valueset","name":"Terminology: Value Sets","description":"These define sets of codes used by systems conforming to this implementation guide"},{"id":"-term-codesystem","name":"Terminology: Code Systems","description":"These define new code systems used by systems conforming to this implementation guide"},{"id":"-ex-example","name":"Example: Example Instances","description":"These are example instances that show what data produced and consumed by systems conforming with this implementation guide might look like"}],"resource":[{"extension":[{"url":"http://hl7.org/fhir/StructureDefinition/implementationguide-page","valueUri":"StructureDefinition-be-bevolkingsonderzoek-follow-up.html"}],"reference":{"reference":"StructureDefinition/be-bevolkingsonderzoek-follow-up"},"name":"Be Bevolkingsonderzoek Follow Up","description":"These are an indication which actions a patiënt can take next or which follow up examinations are proposed. This is a proposal. \nThis resource exists to notify the patiënt that the patiënt should request additional examinations if the result was positive. \nIf the screening was negative, the follow up examination should not be performed. In case of a negative result, the resource should not exist.","exampleBoolean":false,"groupingId":"-str-profile"},{"extension":[{"url":"http://hl7.org/fhir/StructureDefinition/implementationguide-page","valueUri":"StructureDefinition-be-bvo-appointment.html"}],"reference":{"reference":"StructureDefinition/be-bvo-appointment"},"name":"Be Bvo Appointment","description":"Appointment for bevolkingsonderzoek","exampleBoolean":false,"groupingId":"-str-profile"},{"extension":[{"url":"http://hl7.org/fhir/StructureDefinition/implementationguide-page","valueUri":"StructureDefinition-be-bvo-encounter.html"}],"reference":{"reference":"StructureDefinition/be-bvo-encounter"},"name":"Be Bvo Encounter","description":"Encounter for screening - deelname aan bevolkingsonderzoek","exampleBoolean":false,"groupingId":"-str-profile"},{"extension":[{"url":"http://hl7.org/fhir/StructureDefinition/implementationguide-page","valueUri":"StructureDefinition-be-bvo-observation.html"}],"reference":{"reference":"StructureDefinition/be-bvo-observation"},"name":"Be Bvo Observation","description":"Observation result of screening","exampleBoolean":false,"groupingId":"-str-profile"},{"extension":[{"url":"http://hl7.org/fhir/StructureDefinition/implementationguide-page","valueUri":"StructureDefinition-be-location.html"}],"reference":{"reference":"StructureDefinition/be-location"},"name":"Be Location","description":"Location with BE address","exampleBoolean":false,"groupingId":"-str-profile"},{"extension":[{"url":"http://hl7.org/fhir/StructureDefinition/implementationguide-page","valueUri":"StructureDefinition-Be-Bvo-EpisodeOfCare.html"}],"reference":{"reference":"StructureDefinition/Be-Bvo-EpisodeOfCare"},"name":"BE Episode Bevolkingsonderzoek","description":"Manages a recurring periodical workflow for diagnostics in regard to a specific Condition.","exampleBoolean":false,"groupingId":"-str-profile"},{"extension":[{"url":"http://hl7.org/fhir/StructureDefinition/implementationguide-page","valueUri":"StructureDefinition-BvoNextInvitationIndication.html"}],"reference":{"reference":"StructureDefinition/BvoNextInvitationIndication"},"name":"BvoNextInvitationIndication","description":"The estimated date on which to expect the next invitation","exampleBoolean":false,"groupingId":"-str-extension"},{"extension":[{"url":"http://hl7.org/fhir/StructureDefinition/implementationguide-page","valueUri":"StructureDefinition-BeBevolkingsonderzoek.html"}],"reference":{"reference":"StructureDefinition/BeBevolkingsonderzoek"},"name":"BeBevolkingsonderzoek","description":"Logical model for recurrent popultation based screening (Bevolkingsonderzoek). The model represents one iteration of a screening, called episode. A patiënt can have multiple episodes for a given screening. A screening of a specific type for a given patiënt can be repeated after a certain period. Each time the screening is repeated results in a new episode.","exampleBoolean":false,"groupingId":"-str-logicalmodel"},{"extension":[{"url":"http://hl7.org/fhir/StructureDefinition/implementationguide-page","valueUri":"ValueSet-be-bvo-result-vs.html"}],"reference":{"reference":"ValueSet/be-bvo-result-vs"},"name":"Be Bvo Result VS","description":"Result","exampleBoolean":false,"groupingId":"-term-valueset"},{"extension":[{"url":"http://hl7.org/fhir/StructureDefinition/implementationguide-page","valueUri":"ValueSet-be-vsbevolkingsonderzoek-body-site-location.html"}],"reference":{"reference":"ValueSet/be-vsbevolkingsonderzoek-body-site-location"},"name":"Be VS Bevolkingsonderzoek Body Site Location","description":"Location on body","exampleBoolean":false,"groupingId":"-term-valueset"},{"extension":[{"url":"http://hl7.org/fhir/StructureDefinition/implementationguide-page","valueUri":"ValueSet-BeVSBevolkingsonderzoekFollowUpAdvice.html"}],"reference":{"reference":"ValueSet/BeVSBevolkingsonderzoekFollowUpAdvice"},"name":"BeVSBevolkingsonderzoekFollowUpAdvice","description":"Possible follow up actions","exampleBoolean":false,"groupingId":"-term-valueset"},{"extension":[{"url":"http://hl7.org/fhir/StructureDefinition/implementationguide-page","valueUri":"ValueSet-bevolkingsonderzoek-screening-vs.html"}],"reference":{"reference":"ValueSet/bevolkingsonderzoek-screening-vs"},"name":"Bevolkingsonderzoek Screening VS","description":"Bevolkingsonderzoek screening types","exampleBoolean":false,"groupingId":"-term-valueset"},{"extension":[{"url":"http://hl7.org/fhir/StructureDefinition/implementationguide-page","valueUri":"CodeSystem-BeCSBevolkingsonderzoekFollowUpAdvice.html"}],"reference":{"reference":"CodeSystem/BeCSBevolkingsonderzoekFollowUpAdvice"},"name":"BeCSBevolkingsonderzoekFollowUpAdvice","description":"Code system for follow up advice for Bevolkingsonderzoek screenings","exampleBoolean":false,"groupingId":"-term-codesystem"},{"extension":[{"url":"http://hl7.org/fhir/StructureDefinition/implementationguide-page","valueUri":"Encounter-BreastCancerEncounterExample.html"},{"extension":[{"url":"type","valueCode":"Location"},{"url":"id","valueId":"mammographicUnit"},{"url":"title","valueString":"Location"},{"url":"description"}],"url":"http://hl7.org/fhir/tools/StructureDefinition/contained-resource-information"}],"reference":{"reference":"Encounter/BreastCancerEncounterExample"},"name":"Breast Cancer Encounter Example","description":"Participation for breastcancer screening","exampleCanonical":"https://www.ehealth.fgov.be/standards/fhir/StructureDefinition/be-bvo-encounter","groupingId":"-ex-example"},{"extension":[{"url":"http://hl7.org/fhir/StructureDefinition/implementationguide-page","valueUri":"Appointment-BreastCancerScreeningAppointment.html"},{"extension":[{"url":"type","valueCode":"Location"},{"url":"id","valueId":"mammographicUnit"},{"url":"title","valueString":"Location"},{"url":"description"}],"url":"http://hl7.org/fhir/tools/StructureDefinition/contained-resource-information"}],"reference":{"reference":"Appointment/BreastCancerScreeningAppointment"},"name":"Appointment Breast Cancer Screening","description":"Appointment for mammography in a mammographic unit in context of breast cancer screening","exampleCanonical":"https://www.ehealth.fgov.be/standards/fhir/StructureDefinition/be-bvo-appointment","groupingId":"-ex-example"},{"extension":[{"url":"http://hl7.org/fhir/StructureDefinition/implementationguide-page","valueUri":"ServiceRequest-BreastCancerScreeningFollowUpExample.html"}],"reference":{"reference":"ServiceRequest/BreastCancerScreeningFollowUpExample"},"name":"Breast Cancer Screening Follow Up Example","description":"Follow up after positive breast cancer screening. This is a proposal. This resource exists to notify the patiënt that the patiënt should request additional examinations.","exampleCanonical":"https://www.ehealth.fgov.be/standards/fhir/StructureDefinition/be-bevolkingsonderzoek-follow-up","groupingId":"-ex-example"},{"extension":[{"url":"http://hl7.org/fhir/StructureDefinition/implementationguide-page","valueUri":"ServiceRequest-BreastCancerScreeningFollowUpWithExample2.html"}],"reference":{"reference":"ServiceRequest/BreastCancerScreeningFollowUpWithExample2"},"name":"Breast Cancer Screening Follow Up Example 2","description":"Follow up after positive breast cancer screening. This is a proposal. This resource exists to notify the patiënt that the patiënt should request additional examinations.","exampleCanonical":"https://www.ehealth.fgov.be/standards/fhir/StructureDefinition/be-bevolkingsonderzoek-follow-up","groupingId":"-ex-example"},{"extension":[{"url":"http://hl7.org/fhir/StructureDefinition/implementationguide-page","valueUri":"Appointment-CervicalCancerScreeningAppointment.html"}],"reference":{"reference":"Appointment/CervicalCancerScreeningAppointment"},"name":"Appointment Cervical Cancer Screening","description":"Proposed appointment in context of cervical cancer screening","exampleCanonical":"https://www.ehealth.fgov.be/standards/fhir/StructureDefinition/be-bvo-appointment","groupingId":"-ex-example"},{"extension":[{"url":"http://hl7.org/fhir/StructureDefinition/implementationguide-page","valueUri":"Appointment-ColonCancerScreeningAppointment.html"}],"reference":{"reference":"Appointment/ColonCancerScreeningAppointment"},"name":"Appointment Colon Cancer Screening","description":"Appointment for stool sample in context of colon cancer screening","exampleCanonical":"https://www.ehealth.fgov.be/standards/fhir/StructureDefinition/be-bvo-appointment","groupingId":"-ex-example"},{"extension":[{"url":"http://hl7.org/fhir/StructureDefinition/implementationguide-page","valueUri":"ServiceRequest-ColorectalCancerScreeningFollowUpExample.html"}],"reference":{"reference":"ServiceRequest/ColorectalCancerScreeningFollowUpExample"},"name":"Colorectal Cancer Screening Follow Up Example Positive","description":"Follow up after positive colorectal cancer screening","exampleCanonical":"https://www.ehealth.fgov.be/standards/fhir/StructureDefinition/be-bevolkingsonderzoek-follow-up","groupingId":"-ex-example"},{"extension":[{"url":"http://hl7.org/fhir/StructureDefinition/implementationguide-page","valueUri":"Organization-CvKO.html"}],"reference":{"reference":"Organization/CvKO"},"name":"CvKO","exampleBoolean":true,"groupingId":"-ex-example"},{"extension":[{"url":"http://hl7.org/fhir/StructureDefinition/implementationguide-page","valueUri":"Patient-JaneDoe.html"}],"reference":{"reference":"Patient/JaneDoe"},"name":"JaneDoe","description":"female example patient","exampleBoolean":true,"groupingId":"-ex-example"},{"extension":[{"url":"http://hl7.org/fhir/StructureDefinition/implementationguide-page","valueUri":"Observation-PositiveBreastCancerResult.html"}],"reference":{"reference":"Observation/PositiveBreastCancerResult"},"name":"Positive Breast Cancer Result","description":"Observation with positive/abnormal result","exampleCanonical":"https://www.ehealth.fgov.be/standards/fhir/StructureDefinition/be-bvo-observation","groupingId":"-ex-example"},{"extension":[{"url":"http://hl7.org/fhir/StructureDefinition/implementationguide-page","valueUri":"EpisodeOfCare-exampleEpisodeBevolkingsonderzoek.html"}],"reference":{"reference":"EpisodeOfCare/exampleEpisodeBevolkingsonderzoek"},"name":"exampleEpisodeBevolkingsonderzoek","exampleCanonical":"https://www.ehealth.fgov.be/standards/fhir/StructureDefinition/Be-Bvo-EpisodeOfCare","groupingId":"-ex-example"},{"extension":[{"url":"http://hl7.org/fhir/StructureDefinition/implementationguide-page","valueUri":"Patient-exampleMaleBePatient.html"}],"reference":{"reference":"Patient/exampleMaleBePatient"},"name":"exampleMaleBePatient","exampleBoolean":true,"groupingId":"-ex-example"}],"page":{"nameUrl":"toc.html","title":"Table of Contents","generation":"html","page":[{"nameUrl":"index.html","title":"Home","generation":"html"},{"nameUrl":"background.html","title":"Background","generation":"html"},{"nameUrl":"changes.html","title":"Changes","generation":"html"},{"nameUrl":"downloads.html","title":"Downloads","generation":"html"},{"nameUrl":"spec.html","title":"Spec","generation":"markdown"},{"nameUrl":"artifacts.html","title":"Artifacts Summary","generation":"html","page":[{"nameUrl":"StructureDefinition-BeBevolkingsonderzoek.html","title":"BeBevolkingsonderzoek","generation":"generated"},{"nameUrl":"StructureDefinition-be-bevolkingsonderzoek-follow-up.html","title":"Be Bevolkingsonderzoek Follow Up","generation":"generated"},{"nameUrl":"StructureDefinition-be-bvo-appointment.html","title":"Be Bvo Appointment","generation":"generated"},{"nameUrl":"StructureDefinition-be-bvo-encounter.html","title":"Be Bvo Encounter","generation":"generated"},{"nameUrl":"StructureDefinition-be-bvo-observation.html","title":"Be Bvo Observation","generation":"generated"},{"nameUrl":"StructureDefinition-be-location.html","title":"Be Location","generation":"generated"},{"nameUrl":"StructureDefinition-Be-Bvo-EpisodeOfCare.html","title":"BE Episode Bevolkingsonderzoek","generation":"generated"},{"nameUrl":"StructureDefinition-BvoNextInvitationIndication.html","title":"BvoNextInvitationIndication","generation":"generated"},{"nameUrl":"ValueSet-be-bvo-result-vs.html","title":"Be Bvo Result VS","generation":"generated"},{"nameUrl":"ValueSet-be-vsbevolkingsonderzoek-body-site-location.html","title":"Be VS Bevolkingsonderzoek Body Site Location","generation":"generated"},{"nameUrl":"ValueSet-BeVSBevolkingsonderzoekFollowUpAdvice.html","title":"BeVSBevolkingsonderzoekFollowUpAdvice","generation":"generated"},{"nameUrl":"ValueSet-bevolkingsonderzoek-screening-vs.html","title":"Bevolkingsonderzoek Screening VS","generation":"generated"},{"nameUrl":"CodeSystem-BeCSBevolkingsonderzoekFollowUpAdvice.html","title":"BeCSBevolkingsonderzoekFollowUpAdvice","generation":"generated"},{"nameUrl":"Encounter-BreastCancerEncounterExample.html","title":"Breast Cancer Encounter Example","generation":"generated","page":[{"nameUrl":"Location-BreastCancerEncounterExample_mammographicUnit.html","title":"Location","generation":"generated"}]},{"nameUrl":"Appointment-BreastCancerScreeningAppointment.html","title":"Appointment Breast Cancer Screening","generation":"generated","page":[{"nameUrl":"Location-BreastCancerScreeningAppointment_mammographicUnit.html","title":"Location","generation":"generated"}]},{"nameUrl":"ServiceRequest-BreastCancerScreeningFollowUpExample.html","title":"Breast Cancer Screening Follow Up Example","generation":"generated"},{"nameUrl":"ServiceRequest-BreastCancerScreeningFollowUpWithExample2.html","title":"Breast Cancer Screening Follow Up Example 2","generation":"generated"},{"nameUrl":"Appointment-CervicalCancerScreeningAppointment.html","title":"Appointment Cervical Cancer Screening","generation":"generated"},{"nameUrl":"Appointment-ColonCancerScreeningAppointment.html","title":"Appointment Colon Cancer Screening","generation":"generated"},{"nameUrl":"ServiceRequest-ColorectalCancerScreeningFollowUpExample.html","title":"Colorectal Cancer Screening Follow Up Example Positive","generation":"generated"},{"nameUrl":"Organization-CvKO.html","title":"CvKO","generation":"generated"},{"nameUrl":"Patient-JaneDoe.html","title":"JaneDoe","generation":"generated"},{"nameUrl":"Observation-PositiveBreastCancerResult.html","title":"Positive Breast Cancer Result","generation":"generated"},{"nameUrl":"EpisodeOfCare-exampleEpisodeBevolkingsonderzoek.html","title":"exampleEpisodeBevolkingsonderzoek","generation":"generated"},{"nameUrl":"Patient-exampleMaleBePatient.html","title":"exampleMaleBePatient","generation":"generated"}]}]},"parameter":[{"code":"path-resource","value":"input/capabilities"},{"code":"path-resource","value":"input/examples"},{"code":"path-resource","value":"input/extensions"},{"code":"path-resource","value":"input/models"},{"code":"path-resource","value":"input/operations"},{"code":"path-resource","value":"input/profiles"},{"code":"path-resource","value":"input/resources"},{"code":"path-resource","value":"input/vocabulary"},{"code":"path-resource","value":"input/maps"},{"code":"path-resource","value":"input/testing"},{"code":"path-resource","value":"input/history"},{"code":"path-resource","value":"fsh-generated/resources"},{"code":"path-pages","value":"template/config"},{"code":"path-pages","value":"input/images"},{"code":"path-tx-cache","value":"input-cache/txcache"}]}}