{"resourceType":"ImplementationGuide","id":"fed.be.core.bevolkingsonderzoek-ig","text":{"status":"extensions","div":"<div xmlns=\"http://www.w3.org/1999/xhtml\"><h2>TheCoreBelgianFederalFHIRProfilesBevolkingsonderzoekIG</h2><p>The official URL for this implementation guide is: </p><pre>http://example.com/fhir/example</pre><div><p>Bevolkingsonderzoek IG exercises many of the fields in a SUSHI configuration.</p>\n</div></div>"},"url":"http://example.com/fhir/example","version":"1.2.0-draft","name":"TheCoreBelgianFederalFHIRProfilesBevolkingsonderzoekIG","title":"HL7 FHIR Implementation Guide: Bevolkingsonderzoek IG Release 1 - BE Realm | STU1","status":"active","date":"2020-02-26","publisher":"eHealth Platform","contact":[{"name":"eHealth Platform","telecom":[{"system":"url","value":"http://example.com/committees"},{"system":"email","value":"message-structure@ehealth.fgov.be"}]},{"name":"Sven Dhaens","telecom":[{"system":"email","value":"sven.dhaens@axians.com","use":"work"}]},{"name":"Kurt Dhaene","telecom":[{"system":"email","value":"kurt.dhaene@axians.com","use":"work"}]}],"description":"Bevolkingsonderzoek IG exercises many of the fields in a SUSHI configuration.","jurisdiction":[{"coding":[{"system":"http://unstats.un.org/unsd/methods/m49/m49.htm","code":"056","display":"Belgium"}]}],"packageId":"fed.be.core.bevolkingsonderzoek-ig","license":"CC0-1.0","fhirVersion":["4.0.1"],"dependsOn":[{"id":"beFederalprofiles","uri":"http://https://simplifier.net/ehealthplatformfederalprofiles","packageId":"ehealthplatform.be.r4.federalprofiles","version":"1.2.2"}],"definition":{"extension":[{"extension":[{"url":"code","valueString":"copyrightyear"},{"url":"value","valueString":"2021+"}],"url":"http://hl7.org/fhir/tools/StructureDefinition/ig-parameter"},{"extension":[{"url":"code","valueString":"releaselabel"},{"url":"value","valueString":"STU1"}],"url":"http://hl7.org/fhir/tools/StructureDefinition/ig-parameter"},{"extension":[{"url":"code","valueString":"path-liquid"},{"url":"value","valueString":"template/liquid"}],"url":"http://hl7.org/fhir/tools/StructureDefinition/ig-parameter"},{"extension":[{"url":"code","valueString":"path-liquid"},{"url":"value","valueString":"input/liquid"}],"url":"http://hl7.org/fhir/tools/StructureDefinition/ig-parameter"},{"extension":[{"url":"code","valueString":"path-qa"},{"url":"value","valueString":"temp/qa"}],"url":"http://hl7.org/fhir/tools/StructureDefinition/ig-parameter"},{"extension":[{"url":"code","valueString":"path-temp"},{"url":"value","valueString":"temp/pages"}],"url":"http://hl7.org/fhir/tools/StructureDefinition/ig-parameter"},{"extension":[{"url":"code","valueString":"path-output"},{"url":"value","valueString":"output"}],"url":"http://hl7.org/fhir/tools/StructureDefinition/ig-parameter"},{"extension":[{"url":"code","valueString":"path-suppressed-warnings"},{"url":"value","valueString":"input/ignoreWarnings.txt"}],"url":"http://hl7.org/fhir/tools/StructureDefinition/ig-parameter"},{"extension":[{"url":"code","valueString":"path-history"},{"url":"value","valueString":"history.html"}],"url":"http://hl7.org/fhir/tools/StructureDefinition/ig-parameter"},{"extension":[{"url":"code","valueString":"template-html"},{"url":"value","valueString":"template-page.html"}],"url":"http://hl7.org/fhir/tools/StructureDefinition/ig-parameter"},{"extension":[{"url":"code","valueString":"template-md"},{"url":"value","valueString":"template-page-md.html"}],"url":"http://hl7.org/fhir/tools/StructureDefinition/ig-parameter"},{"extension":[{"url":"code","valueString":"apply-contact"},{"url":"value","valueString":"true"}],"url":"http://hl7.org/fhir/tools/StructureDefinition/ig-parameter"},{"extension":[{"url":"code","valueString":"apply-context"},{"url":"value","valueString":"true"}],"url":"http://hl7.org/fhir/tools/StructureDefinition/ig-parameter"},{"extension":[{"url":"code","valueString":"apply-copyright"},{"url":"value","valueString":"true"}],"url":"http://hl7.org/fhir/tools/StructureDefinition/ig-parameter"},{"extension":[{"url":"code","valueString":"apply-jurisdiction"},{"url":"value","valueString":"true"}],"url":"http://hl7.org/fhir/tools/StructureDefinition/ig-parameter"},{"extension":[{"url":"code","valueString":"apply-license"},{"url":"value","valueString":"true"}],"url":"http://hl7.org/fhir/tools/StructureDefinition/ig-parameter"},{"extension":[{"url":"code","valueString":"apply-publisher"},{"url":"value","valueString":"true"}],"url":"http://hl7.org/fhir/tools/StructureDefinition/ig-parameter"},{"extension":[{"url":"code","valueString":"apply-version"},{"url":"value","valueString":"true"}],"url":"http://hl7.org/fhir/tools/StructureDefinition/ig-parameter"},{"extension":[{"url":"code","valueString":"active-tables"},{"url":"value","valueString":"true"}],"url":"http://hl7.org/fhir/tools/StructureDefinition/ig-parameter"},{"extension":[{"url":"code","valueString":"fmm-definition"},{"url":"value","valueString":"http://hl7.org/fhir/versions.html#maturity"}],"url":"http://hl7.org/fhir/tools/StructureDefinition/ig-parameter"},{"extension":[{"url":"code","valueString":"propagate-status"},{"url":"value","valueString":"true"}],"url":"http://hl7.org/fhir/tools/StructureDefinition/ig-parameter"}],"grouping":[{"id":"-str-profile","name":"Structures: Resource Profiles","description":"These define constraints on FHIR resources for systems conforming to this implementation guide"},{"id":"-str-extension","name":"Structures: Extension Definitions","description":"These define constraints on FHIR data types for systems conforming to this implementation guide"},{"id":"-term-valueset","name":"Terminology: Value Sets","description":"These define sets of codes used by systems conforming to this implementation guide"},{"id":"-term-codesystem","name":"Terminology: Code Systems","description":"These define new code systems used by systems conforming to this implementation guide"},{"id":"-ex-example","name":"Example: Example Instances","description":"These are example instances that show what data produced and consumed by systems conforming with this implementation guide might look like"}],"resource":[{"extension":[{"url":"http://hl7.org/fhir/StructureDefinition/implementationguide-page","valueUri":"StructureDefinition-be-bevolkingsonderzoek-follow-up.html"}],"reference":{"reference":"StructureDefinition/be-bevolkingsonderzoek-follow-up"},"name":"Be Bevolkingsonderzoek Follow Up","description":"These are an indication which actions a patiënt can take next or which follow up examinations are proposed. This is a proposal. \nThis resource exists to notify the patiënt that the patiënt should request additional examinations if the result was positive. \nIf the screening was negative, the follow up examination should not be performed. In case of a negative result, the resource should not exist.","exampleBoolean":false,"groupingId":"-str-profile"},{"extension":[{"url":"http://hl7.org/fhir/StructureDefinition/implementationguide-page","valueUri":"StructureDefinition-Be-Bvo-EpisodeOfCare.html"}],"reference":{"reference":"StructureDefinition/Be-Bvo-EpisodeOfCare"},"name":"belgian-bevolkingsonderzoek-episode-of-care","description":"Manages a recurring periodical workflow for diagnostics in regard to a specific Condition.","exampleBoolean":false,"groupingId":"-str-profile"},{"extension":[{"url":"http://hl7.org/fhir/StructureDefinition/implementationguide-page","valueUri":"StructureDefinition-be-bevolkingsonderzoek-follow-up-goedkeuring.html"}],"reference":{"reference":"StructureDefinition/be-bevolkingsonderzoek-follow-up-goedkeuring"},"name":"Be Bevolkingsonderzoek follow Up Goedkeuring","description":"Patiënt approval for collection of follow up data by the bevolkingsonderzoek responsible authority. Indication if the patiënt accepted that the bevolkingsonderzoek responsible authority can ask the healthcare providers of the patiënt for information on examinations performed after the patiënt had a positive result.\nCan probably be removed or replaced by note.","exampleBoolean":false,"groupingId":"-str-extension"},{"extension":[{"url":"http://hl7.org/fhir/StructureDefinition/implementationguide-page","valueUri":"StructureDefinition-BvoConditionCode.html"}],"reference":{"reference":"StructureDefinition/BvoConditionCode"},"name":"BvoConditionCode","description":"The certainty of diagnosis","exampleBoolean":false,"groupingId":"-str-extension"},{"extension":[{"url":"http://hl7.org/fhir/StructureDefinition/implementationguide-page","valueUri":"ValueSet-BeVSBevolkingsonderzoekFollowUpAdvice.html"}],"reference":{"reference":"ValueSet/BeVSBevolkingsonderzoekFollowUpAdvice"},"name":"BeVSBevolkingsonderzoekFollowUpAdvice","description":"Possible follow up actions","exampleBoolean":false,"groupingId":"-term-valueset"},{"extension":[{"url":"http://hl7.org/fhir/StructureDefinition/implementationguide-page","valueUri":"ValueSet-BvoConditionCodeVS.html"}],"reference":{"reference":"ValueSet/BvoConditionCodeVS"},"name":"BvoConditionCodeVS","description":"Values of possible Conditions ofr wich to perform diagnostics","exampleBoolean":false,"groupingId":"-term-valueset"},{"extension":[{"url":"http://hl7.org/fhir/StructureDefinition/implementationguide-page","valueUri":"CodeSystem-BeCSBevolkingsonderzoekFollowUpAdvice.html"}],"reference":{"reference":"CodeSystem/BeCSBevolkingsonderzoekFollowUpAdvice"},"name":"BeCSBevolkingsonderzoekFollowUpAdvice","description":"Code system for follow up advice for Bevolkingsonderzoek screenings","exampleBoolean":false,"groupingId":"-term-codesystem"},{"extension":[{"url":"http://hl7.org/fhir/StructureDefinition/implementationguide-page","valueUri":"ServiceRequest-BreastCancerScreeningFollowUp.html"}],"reference":{"reference":"ServiceRequest/BreastCancerScreeningFollowUp"},"name":"Breast Cancer Screening Follow Up","description":"Follow up after positive breast cancer screening. This is a proposal. This resource exists to notify the patiënt that the patiënt should request additional examinations.","exampleCanonical":"https://www.ehealth.fgov.be/standards/fhir/StructureDefinition/be-bevolkingsonderzoek-follow-up","groupingId":"-ex-example"},{"extension":[{"url":"http://hl7.org/fhir/StructureDefinition/implementationguide-page","valueUri":"ServiceRequest-ColorectalCancerScreeningFollowUpExample.html"}],"reference":{"reference":"ServiceRequest/ColorectalCancerScreeningFollowUpExample"},"name":"Colorectal Cancer Screening Follow Up Example Positive","description":"Follow up after positive colorectal cancer screening","exampleCanonical":"https://www.ehealth.fgov.be/standards/fhir/StructureDefinition/be-bevolkingsonderzoek-follow-up","groupingId":"-ex-example"},{"extension":[{"url":"http://hl7.org/fhir/StructureDefinition/implementationguide-page","valueUri":"ServiceRequest-ColorectalCancerScreeningFollowUpExample2.html"}],"reference":{"reference":"ServiceRequest/ColorectalCancerScreeningFollowUpExample2"},"name":"Colorectal Cancer Screening Follow Up Example Negative","description":"Follow up after negative colorectal cancer screening. This resource exists to notify the patiënt that the patiënt that possible follow up examination exists, but because the result of the Bevolkinsonderzoek screening was negative, the follow up examination should not be performed.","exampleCanonical":"https://www.ehealth.fgov.be/standards/fhir/StructureDefinition/be-bevolkingsonderzoek-follow-up","groupingId":"-ex-example"},{"extension":[{"url":"http://hl7.org/fhir/StructureDefinition/implementationguide-page","valueUri":"Patient-JaneDoe.html"}],"reference":{"reference":"Patient/JaneDoe"},"name":"JaneDoe","exampleBoolean":true,"groupingId":"-ex-example"},{"extension":[{"url":"http://hl7.org/fhir/StructureDefinition/implementationguide-page","valueUri":"EpisodeOfCare-example.html"}],"reference":{"reference":"EpisodeOfCare/example"},"name":"example","exampleCanonical":"https://www.ehealth.fgov.be/standards/fhir/StructureDefinition/Be-Bvo-EpisodeOfCare","groupingId":"-ex-example"},{"extension":[{"url":"http://hl7.org/fhir/StructureDefinition/implementationguide-page","valueUri":"Patient-examplePatient.html"}],"reference":{"reference":"Patient/examplePatient"},"name":"examplePatient","exampleBoolean":true,"groupingId":"-ex-example"}],"page":{"nameUrl":"toc.html","title":"Table of Contents","generation":"html","page":[{"nameUrl":"index.html","title":"Home","generation":"html"},{"nameUrl":"background.html","title":"Background","generation":"html"},{"nameUrl":"changes.html","title":"Changes","generation":"html"},{"nameUrl":"downloads.html","title":"Downloads","generation":"html"},{"nameUrl":"spec.html","title":"Spec","generation":"markdown"},{"nameUrl":"artifacts.html","title":"Artifacts Summary","generation":"html","page":[{"nameUrl":"StructureDefinition-be-bevolkingsonderzoek-follow-up.html","title":"Be Bevolkingsonderzoek Follow Up","generation":"generated"},{"nameUrl":"StructureDefinition-Be-Bvo-EpisodeOfCare.html","title":"belgian-bevolkingsonderzoek-episode-of-care","generation":"generated"},{"nameUrl":"StructureDefinition-be-bevolkingsonderzoek-follow-up-goedkeuring.html","title":"Be Bevolkingsonderzoek follow Up Goedkeuring","generation":"generated"},{"nameUrl":"StructureDefinition-BvoConditionCode.html","title":"BvoConditionCode","generation":"generated"},{"nameUrl":"ValueSet-BeVSBevolkingsonderzoekFollowUpAdvice.html","title":"BeVSBevolkingsonderzoekFollowUpAdvice","generation":"generated"},{"nameUrl":"ValueSet-BvoConditionCodeVS.html","title":"BvoConditionCodeVS","generation":"generated"},{"nameUrl":"CodeSystem-BeCSBevolkingsonderzoekFollowUpAdvice.html","title":"BeCSBevolkingsonderzoekFollowUpAdvice","generation":"generated"},{"nameUrl":"ServiceRequest-BreastCancerScreeningFollowUp.html","title":"Breast Cancer Screening Follow Up","generation":"generated"},{"nameUrl":"ServiceRequest-ColorectalCancerScreeningFollowUpExample.html","title":"Colorectal Cancer Screening Follow Up Example Positive","generation":"generated"},{"nameUrl":"ServiceRequest-ColorectalCancerScreeningFollowUpExample2.html","title":"Colorectal Cancer Screening Follow Up Example Negative","generation":"generated"},{"nameUrl":"Patient-JaneDoe.html","title":"JaneDoe","generation":"generated"},{"nameUrl":"EpisodeOfCare-example.html","title":"example","generation":"generated"},{"nameUrl":"Patient-examplePatient.html","title":"examplePatient","generation":"generated"}]}]},"parameter":[{"code":"path-resource","value":"input/capabilities"},{"code":"path-resource","value":"input/examples"},{"code":"path-resource","value":"input/extensions"},{"code":"path-resource","value":"input/models"},{"code":"path-resource","value":"input/operations"},{"code":"path-resource","value":"input/profiles"},{"code":"path-resource","value":"input/resources"},{"code":"path-resource","value":"input/vocabulary"},{"code":"path-resource","value":"input/maps"},{"code":"path-resource","value":"input/testing"},{"code":"path-resource","value":"input/history"},{"code":"path-resource","value":"fsh-generated/resources"},{"code":"path-pages","value":"template/config"},{"code":"path-pages","value":"input/images"},{"code":"path-tx-cache","value":"input-cache/txcache"}]}}