<?xml version="1.0" encoding="UTF-8"?>

<Appointment xmlns="http://hl7.org/fhir">
  <id value="BreastCancerScreeningAppointment"/>
  <meta>
    <profile value="https://www.ehealth.fgov.be/standards/fhir/StructureDefinition/be-bvo-appointment"/>
  </meta>
  <text>
    <status value="extensions"/><div xmlns="http://www.w3.org/1999/xhtml"><p><b>Generated Narrative</b></p><div style="display: inline-block; background-color: #d9e0e7; padding: 6px; margin: 4px; border: 1px solid #8da1b4; border-radius: 5px; line-height: 60%"><p style="margin-bottom: 0px">Resource "BreastCancerScreeningAppointment" </p><p style="margin-bottom: 0px">Profile: <a href="StructureDefinition-be-bvo-appointment.html">Be Bvo Appointment</a></p></div><p><b>Episode of Care</b>: <a href="EpisodeOfCare-exampleEpisodeBevolkingsonderzoek.html">EpisodeOfCare/exampleEpisodeBevolkingsonderzoek</a></p><p><b>status</b>: booked</p><p><b>start</b>: Mar 15, 2022, 8:15:00 AM</p><blockquote><p><b>participant</b></p><p><b>actor</b>: <a href="examplePatient">examplePatient</a></p><p><b>status</b>: tentative</p></blockquote><blockquote><p><b>participant</b></p><p><b>actor</b>: <a name="mammographicUnit"> </a></p><blockquote><div style="display: inline-block; background-color: #d9e0e7; padding: 6px; margin: 4px; border: 1px solid #8da1b4; border-radius: 5px; line-height: 60%"><p style="margin-bottom: 0px">Resource "mammographicUnit" </p><p style="margin-bottom: 0px">Profile: <a href="StructureDefinition-be-bvo-location.html">Be Bvo Location</a></p></div><p><b>name</b>: Mammografic unit example name</p><p><b>address</b>: Verlorenbroodstraat 122, 9820 Merelbeke</p></blockquote><p><b>status</b>: accepted</p></blockquote></div>
  </text>
  <contained>
    <Location>
      <id value="mammographicUnit"/>
      <meta>
        <profile value="https://www.ehealth.fgov.be/standards/fhir/StructureDefinition/be-bvo-location"/>
      </meta>
      <name value="Mammografic unit example name"/>
      <address>
        <text value="Verlorenbroodstraat 122, 9820 Merelbeke"/>
        <line value="Verlorenbroodstraat 122"/>
        <city value="Merelbeke"/>
        <postalCode value="9820"/>
        <country value="BE"/>
      </address>
    </Location>
  </contained>
  <extension url="http://hl7.org/fhir/StructureDefinition/workflow-episodeOfCare">
    <valueReference>
      <reference value="EpisodeOfCare/exampleEpisodeBevolkingsonderzoek"/>
    </valueReference>
  </extension>
  <status value="booked"/>
  <start value="2022-03-15T10:15:00.000+02:00"/>
  <participant>
    <actor>
      <reference value="examplePatient"/>
    </actor>
    <status value="tentative"/>
  </participant>
  <participant>
    <actor>
      <reference value="#mammographicUnit"/>
    </actor>
    <status value="accepted"/>
  </participant>
</Appointment>