{
  "resourceType": "Appointment",
  "id": "CervicalCancerScreeningAppointment",
  "meta": {
    "profile": [
      "https://www.ehealth.fgov.be/standards/fhir/StructureDefinition/be-bvo-appointment"
    ]
  },
  "text": {
    "status": "extensions",
    "div": "<div xmlns=\"http://www.w3.org/1999/xhtml\"><p><b>Generated Narrative</b></p><div style=\"display: inline-block; background-color: #d9e0e7; padding: 6px; margin: 4px; border: 1px solid #8da1b4; border-radius: 5px; line-height: 60%\"><p style=\"margin-bottom: 0px\">Resource \"CervicalCancerScreeningAppointment\" </p><p style=\"margin-bottom: 0px\">Profile: <a href=\"StructureDefinition-be-bvo-appointment.html\">Be Bvo Appointment</a></p></div><p><b>Episode of Care</b>: <a href=\"EpisodeOfCare-exampleEpisodeBevolkingsonderzoek.html\">EpisodeOfCare/exampleEpisodeBevolkingsonderzoek</a></p><p><b>status</b>: proposed</p><p><b>start</b>: Mar 15, 2022, 8:15:00 AM</p><h3>Participants</h3><table class=\"grid\"><tr><td>-</td><td><b>Actor</b></td><td><b>Status</b></td></tr><tr><td>*</td><td><a href=\"examplePatient\">examplePatient</a></td><td>tentative</td></tr></table></div>"
  },
  "extension": [
    {
      "url": "http://hl7.org/fhir/StructureDefinition/workflow-episodeOfCare",
      "valueReference": {
        "reference": "EpisodeOfCare/exampleEpisodeBevolkingsonderzoek"
      }
    }
  ],
  "status": "proposed",
  "start": "2022-03-15T10:15:00.000+02:00",
  "participant": [
    {
      "actor": {
        "reference": "examplePatient"
      },
      "status": "tentative"
    }
  ]
}