<?xml version="1.0" encoding="UTF-8"?>

<Appointment xmlns="http://hl7.org/fhir">
  <id value="BK-5-negative-example-invitation"/>
  <meta>
    <profile value="https://www.ehealth.fgov.be/standards/fhir/StructureDefinition/be-bvo-appointment"/>
  </meta>
  <text>
    <status value="extensions"/><div xmlns="http://www.w3.org/1999/xhtml"><p><b>Generated Narrative</b></p><div style="display: inline-block; background-color: #d9e0e7; padding: 6px; margin: 4px; border: 1px solid #8da1b4; border-radius: 5px; line-height: 60%"><p style="margin-bottom: 0px">Resource "BK-5-negative-example-invitation" </p><p style="margin-bottom: 0px">Profile: <a href="StructureDefinition-be-bvo-appointment.html">Be Bvo Appointment</a></p></div><p><b>Episode of Care</b>: <a href="EpisodeOfCare-BK-5-negative-example-episode.html">EpisodeOfCare/BK-5-negative-example-episode</a></p><p><b>status</b>: booked</p><p><b>start</b>: Apr 7, 2021, 10:00:00 PM</p><p><b>end</b>: Apr 8, 2021, 9:59:00 PM</p><blockquote><p><b>participant</b></p><p><b>actor</b>: <a href="Patient-JaneDoe.html">Patient/JaneDoe</a> " DOE"</p><p><b>status</b>: tentative</p></blockquote><blockquote><p><b>participant</b></p><p><b>actor</b>: <a name="1"> </a></p><blockquote><div style="display: inline-block; background-color: #d9e0e7; padding: 6px; margin: 4px; border: 1px solid #8da1b4; border-radius: 5px; line-height: 60%"><p style="margin-bottom: 0px">Resource "1" </p></div><p><b>name</b>: AZ Jan Palfijn Gent</p><p><b>address</b>: HENRI DUNANTLAAN 5, 9000 GENT</p></blockquote><p><b>status</b>: accepted</p></blockquote></div>
  </text>
  <contained>
    <Location>
      <id value="1"/>
      <name value="AZ Jan Palfijn Gent"/>
      <address>
        <text value="HENRI DUNANTLAAN 5, 9000 GENT"/>
        <line value="HENRI DUNANTLAAN 5, 9000 GENT"/>
      </address>
    </Location>
  </contained>
  <extension url="http://hl7.org/fhir/StructureDefinition/workflow-episodeOfCare">
    <valueReference>
      <reference value="EpisodeOfCare/BK-5-negative-example-episode"/>
    </valueReference>
  </extension>
  <status value="booked"/>
  <start value="2021-04-08T00:00:00.000+02:00"/>
  <end value="2021-04-08T23:59:00.000+02:00"/>
  <participant>
    <actor>
      <reference value="Patient/JaneDoe"/>
    </actor>
    <status value="tentative"/>
  </participant>
  <participant>
    <actor>
      <reference value="#1"/>
    </actor>
    <status value="accepted"/>
  </participant>
</Appointment>