[
  {
    "id": "fed.be.core.bevolkingsonderzoek-ig",
    "type": "ImplementationGuide",
    "url": "http://example.com/fhir/example",
    "version": "1.2.0-draft",
    "name": "TheCoreBelgianFederalFHIRProfilesBevolkingsonderzoekIG"
  },
  {
    "id": "BeCSBevolkingsonderzoekFollowUpAdvice",
    "type": "CodeSystem",
    "url": "https://www.ehealth.fgov.be/standards/fhir/CodeSystem/BeCSBevolkingsonderzoekFollowUpAdvice",
    "version": "1.2.0-draft",
    "name": "BeCSBevolkingsonderzoekFollowUpAdvice"
  },
  {
    "id": "Be-Bvo-EpisodeOfCare",
    "type": "StructureDefinition",
    "url": "https://www.ehealth.fgov.be/standards/fhir/StructureDefinition/Be-Bvo-EpisodeOfCare",
    "version": "1.2.0-draft",
    "name": "BePopulationBasedScreeningEpisodeOfCare"
  },
  {
    "id": "BvoNextInvitationIndication",
    "type": "StructureDefinition",
    "url": "https://www.ehealth.fgov.be/standards/fhir/StructureDefinition/BvoNextInvitationIndication",
    "version": "1.2.0-draft",
    "name": "BvoNextInvitationIndication"
  },
  {
    "id": "be-bevolkingsonderzoek-follow-up",
    "type": "StructureDefinition",
    "url": "https://www.ehealth.fgov.be/standards/fhir/StructureDefinition/be-bevolkingsonderzoek-follow-up",
    "version": "1.2.0-draft",
    "name": "BeBevolkingsonderzoekFollowUp"
  },
  {
    "id": "be-bvo-appointment",
    "type": "StructureDefinition",
    "url": "https://www.ehealth.fgov.be/standards/fhir/StructureDefinition/be-bvo-appointment",
    "version": "1.2.0-draft",
    "name": "BeBvoAppointment"
  },
  {
    "id": "be-bvo-encounter",
    "type": "StructureDefinition",
    "url": "https://www.ehealth.fgov.be/standards/fhir/StructureDefinition/be-bvo-encounter",
    "version": "1.2.0-draft",
    "name": "BeBvoEncounter"
  },
  {
    "id": "be-bvo-location",
    "type": "StructureDefinition",
    "url": "https://www.ehealth.fgov.be/standards/fhir/StructureDefinition/be-bvo-location",
    "version": "1.2.0-draft",
    "name": "BeLocation"
  },
  {
    "id": "be-bvo-observation",
    "type": "StructureDefinition",
    "url": "https://www.ehealth.fgov.be/standards/fhir/StructureDefinition/be-bvo-observation",
    "version": "1.2.0-draft",
    "name": "BeBvoObservation"
  },
  {
    "id": "BeVSBevolkingsonderzoekFollowUpAdvice",
    "type": "ValueSet",
    "url": "https://www.ehealth.fgov.be/standards/fhir/ValueSet/BeVSBevolkingsonderzoekFollowUpAdvice",
    "version": "1.2.0-draft",
    "name": "BeVSBevolkingsonderzoekFollowUpAdvice"
  },
  {
    "id": "be-bvo-result-vs",
    "type": "ValueSet",
    "url": "https://www.ehealth.fgov.be/standards/fhir/ValueSet/be-bvo-result-vs",
    "version": "1.2.0-draft",
    "name": "BeBvoResultVS"
  },
  {
    "id": "be-vsbevolkingsonderzoek-body-site-location",
    "type": "ValueSet",
    "url": "https://www.ehealth.fgov.be/standards/fhir/ValueSet/be-vsbevolkingsonderzoek-body-site-location",
    "version": "1.2.0-draft",
    "name": "BeVSBevolkingsonderzoekBodySiteLocation"
  },
  {
    "id": "bevolkingsonderzoek-screening-vs",
    "type": "ValueSet",
    "url": "https://www.ehealth.fgov.be/standards/fhir/ValueSet/bevolkingsonderzoek-screening-vs",
    "version": "1.2.0-draft",
    "name": "BevolkingsonderzoekScreeningVS"
  }
]