<?xml version="1.0" encoding="UTF-8"?>

<Encounter xmlns="http://hl7.org/fhir">
  <id value="BreastCancerEncounterExample"/>
  <meta>
    <profile value="https://www.ehealth.fgov.be/standards/fhir/StructureDefinition/be-bvo-encounter"/>
  </meta>
  <text>
    <status value="extensions"/><div xmlns="http://www.w3.org/1999/xhtml"><p><b>Generated Narrative</b></p><div style="display: inline-block; background-color: #d9e0e7; padding: 6px; margin: 4px; border: 1px solid #8da1b4; border-radius: 5px; line-height: 60%"><p style="margin-bottom: 0px">Resource "BreastCancerEncounterExample" </p><p style="margin-bottom: 0px">Profile: <a href="StructureDefinition-be-bvo-encounter.html">Be Bvo Encounter</a></p></div><p><b>Episode of Care</b>: <a href="EpisodeOfCare-exampleEpisodeBevolkingsonderzoek.html">EpisodeOfCare/exampleEpisodeBevolkingsonderzoek</a></p><p><b>status</b>: finished</p><p><b>class</b>: ambulatory (Details: http://terminology.hl7.org/CodeSystem/v3-ActCode code AMB = 'ambulatory', stated as 'null')</p><p><b>subject</b>: <a href="Patient-JaneDoe.html">Patient/JaneDoe</a> " DOE"</p><p><b>episodeOfCare</b>: <a href="EpisodeOfCare-exampleEpisodeBevolkingsonderzoek.html">EpisodeOfCare/exampleEpisodeBevolkingsonderzoek</a></p><p><b>appointment</b>: <a href="Appointment-BreastCancerScreeningAppointment.html">Appointment/BreastCancerScreeningAppointment</a></p><p><b>period</b>: 2022-03-15 11:30:00+0200 --&gt; (ongoing)</p><h3>Locations</h3><table class="grid"><tr><td>-</td><td><b>Location</b></td></tr><tr><td>*</td><td><a name="mammographicUnit"> </a><blockquote><div style="display: inline-block; background-color: #d9e0e7; padding: 6px; margin: 4px; border: 1px solid #8da1b4; border-radius: 5px; line-height: 60%"><p style="margin-bottom: 0px">Resource "mammographicUnit" </p><p style="margin-bottom: 0px">Profile: <a href="StructureDefinition-be-location.html">Be Location</a></p></div><p><b>name</b>: Mammografic unit example name</p><p><b>address</b>: Verlorenbroodstraat 122, 9820 Merelbeke</p></blockquote></td></tr></table></div>
  </text>
  <contained>
    <Location>
      <id value="mammographicUnit"/>
      <meta>
        <profile value="https://www.ehealth.fgov.be/standards/fhir/StructureDefinition/be-location"/>
      </meta>
      <name value="Mammografic unit example name"/>
      <address>
        <extension url="http://hl7.org/fhir/StructureDefinition/language">
          <valueCode value="nl"/>
        </extension>
        <text value="Verlorenbroodstraat 122, 9820 Merelbeke"/>
        <line value="Verlorenbroodstraat 122">
          <extension url="http://hl7.org/fhir/StructureDefinition/iso21090-ADXP-streetName">
            <valueString value="Verlorenbroodstraat"/>
          </extension>
          <extension url="http://hl7.org/fhir/StructureDefinition/iso21090-ADXP-houseNumber">
            <valueString value="122"/>
          </extension>
        </line>
        <city value="Merelbeke"/>
        <postalCode value="9820"/>
        <country value="BE"/>
      </address>
    </Location>
  </contained>
  <extension url="http://hl7.org/fhir/StructureDefinition/workflow-episodeOfCare">
    <valueReference>
      <reference value="EpisodeOfCare/exampleEpisodeBevolkingsonderzoek"/>
    </valueReference>
  </extension>
  <status value="finished"/>
  <class>
    <system value="http://terminology.hl7.org/CodeSystem/v3-ActCode"/>
    <code value="AMB"/>
  </class>
  <subject>
    <reference value="Patient/JaneDoe"/>
  </subject>
  <episodeOfCare>
    <reference value="EpisodeOfCare/exampleEpisodeBevolkingsonderzoek"/>
  </episodeOfCare>
  <appointment>
    <reference value="Appointment/BreastCancerScreeningAppointment"/>
  </appointment>
  <period>
    <start value="2022-03-15T11:30:00.000+02:00"/>
  </period>
  <location>
    <location>
      <reference value="#mammographicUnit"/>
    </location>
  </location>
</Encounter>