<?xml version="1.0" encoding="UTF-8"?>

<Bundle xmlns="http://hl7.org/fhir">
  <id value="a016de4c-2caf-4079-aeaf-40655f52bf3b"/>
  <meta>
    <lastUpdated value="2022-04-11T16:06:52.452+00:00"/>
  </meta>
  <type value="collection"/>
  <entry>
    <fullUrl value="https://www.ehealth.fgov.be/standards/fhir/ValueSet/be-bvo-result-vs"/>
    <resource>
      <ValueSet>
        <id value="be-bvo-result-vs"/>
        <text>
          <status value="generated"/>
          <div xmlns="http://www.w3.org/1999/xhtml">
            <p>This value set contains 2 concepts</p>
            <p style="border: black 1px dotted; background-color: #EEEEEE; padding: 8px; margin-bottom: 8px">Expansion based on SNOMED CT International edition 31-Mar 2022</p>
            <p>All codes in this table are from the system 
              <a href="http://hl7.org/fhir/R4/codesystem-snomedct.html">
                <code>http://snomed.info/sct</code>
              </a>
            </p>
            <table class="codes">
              <tr>
                <td style="white-space:nowrap">
                  <b>Code</b>
                </td>
                <td>
                  <b>Display</b>
                </td>
              </tr>
              <tr>
                <td style="white-space:nowrap">
                  <a name="http---snomed.info-sct-280415008"> </a>  
                  <a href="http://snomed.info/id/280415008">280415008</a>
                </td>
                <td>afwijkend</td>
              </tr>
              <tr>
                <td style="white-space:nowrap">
                  <a name="http---snomed.info-sct-280413001"> </a>  
                  <a href="http://snomed.info/id/280413001">280413001</a>
                </td>
                <td>niet afwijkend</td>
              </tr>
            </table>
          </div>
        </text>
        <url value="https://www.ehealth.fgov.be/standards/fhir/ValueSet/be-bvo-result-vs"/>
        <version value="1.2.0-draft"/>
        <name value="BeBvoResultVS"/>
        <title value="Be Bvo Result VS"/>
        <status value="active"/>
        <date value="2022-04-11T16:06:52+00:00"/>
        <publisher value="eHealth Platform"/>
        <contact>
          <name value="eHealth Platform"/>
          <telecom>
            <system value="url"/>
            <value value="http://example.com/committees"/>
          </telecom>
          <telecom>
            <system value="email"/>
            <value value="message-structure@ehealth.fgov.be"/>
          </telecom>
        </contact>
        <contact>
          <name value="Sven Dhaens"/>
          <telecom>
            <system value="email"/>
            <value value="sven.dhaens@axians.com"/>
            <use value="work"/>
          </telecom>
        </contact>
        <contact>
          <name value="Kurt Dhaene"/>
          <telecom>
            <system value="email"/>
            <value value="kurt.dhaene@axians.com"/>
            <use value="work"/>
          </telecom>
        </contact>
        <description value="Result"/>
        <jurisdiction>
          <coding>
            <system value="http://unstats.un.org/unsd/methods/m49/m49.htm"/>
            <code value="056"/>
            <display value="Belgium"/>
          </coding>
        </jurisdiction>
        <expansion>
          <identifier value="urn:uuid:59c3e15e-fcc4-4050-b043-045b5c5acb74"/>
          <timestamp value="2022-04-11T16:07:18+00:00"/>
          <total value="2"/>
          <parameter>
            <name value="excludeNested"/>
            <valueBoolean value="false"/>
          </parameter>
          <parameter>
            <name value="limitedExpansion"/>
            <valueBoolean value="true"/>
          </parameter>
          <parameter>
            <name value="version"/>
            <valueUri value="http://snomed.info/sct|http://snomed.info/sct/900000000000207008/version/20220331"/>
          </parameter>
          <contains>
            <system value="http://snomed.info/sct"/>
            <code value="280415008"/>
            <display value="afwijkend"/>
          </contains>
          <contains>
            <system value="http://snomed.info/sct"/>
            <code value="280413001"/>
            <display value="niet afwijkend"/>
          </contains>
        </expansion>
      </ValueSet>
    </resource>
  </entry>
  <entry>
    <fullUrl value="https://www.ehealth.fgov.be/standards/fhir/ValueSet/be-vsbevolkingsonderzoek-body-site-location"/>
    <resource>
      <ValueSet>
        <id value="be-vsbevolkingsonderzoek-body-site-location"/>
        <text>
          <status value="generated"/>
          <div xmlns="http://www.w3.org/1999/xhtml">
            <p>This value set contains 2 concepts</p>
            <p style="border: black 1px dotted; background-color: #EEEEEE; padding: 8px; margin-bottom: 8px">Expansion based on SNOMED CT International edition 31-Mar 2022</p>
            <p>All codes in this table are from the system 
              <a href="http://hl7.org/fhir/R4/codesystem-snomedct.html">
                <code>http://snomed.info/sct</code>
              </a>
            </p>
            <table class="codes">
              <tr>
                <td style="white-space:nowrap">
                  <b>Code</b>
                </td>
                <td>
                  <b>Display</b>
                </td>
              </tr>
              <tr>
                <td style="white-space:nowrap">
                  <a name="http---snomed.info-sct-80248007"> </a>  
                  <a href="http://snomed.info/id/80248007">80248007</a>
                </td>
                <td>Left breast</td>
              </tr>
              <tr>
                <td style="white-space:nowrap">
                  <a name="http---snomed.info-sct-73056007"> </a>  
                  <a href="http://snomed.info/id/73056007">73056007</a>
                </td>
                <td>Right breast</td>
              </tr>
            </table>
          </div>
        </text>
        <url value="https://www.ehealth.fgov.be/standards/fhir/ValueSet/be-vsbevolkingsonderzoek-body-site-location"/>
        <version value="1.2.0-draft"/>
        <name value="BeVSBevolkingsonderzoekBodySiteLocation"/>
        <title value="Be VS Bevolkingsonderzoek Body Site Location"/>
        <status value="draft"/>
        <date value="2022-04-11T16:06:52+00:00"/>
        <publisher value="eHealth Platform"/>
        <contact>
          <name value="eHealth Platform"/>
          <telecom>
            <system value="url"/>
            <value value="http://example.com/committees"/>
          </telecom>
          <telecom>
            <system value="email"/>
            <value value="message-structure@ehealth.fgov.be"/>
          </telecom>
        </contact>
        <contact>
          <name value="Sven Dhaens"/>
          <telecom>
            <system value="email"/>
            <value value="sven.dhaens@axians.com"/>
            <use value="work"/>
          </telecom>
        </contact>
        <contact>
          <name value="Kurt Dhaene"/>
          <telecom>
            <system value="email"/>
            <value value="kurt.dhaene@axians.com"/>
            <use value="work"/>
          </telecom>
        </contact>
        <description value="Location on body"/>
        <jurisdiction>
          <coding>
            <system value="http://unstats.un.org/unsd/methods/m49/m49.htm"/>
            <code value="056"/>
            <display value="Belgium"/>
          </coding>
        </jurisdiction>
        <expansion>
          <identifier value="urn:uuid:710d70f9-2ccd-4f36-914f-605af757d72d"/>
          <timestamp value="2022-04-11T16:07:18+00:00"/>
          <total value="2"/>
          <parameter>
            <name value="excludeNested"/>
            <valueBoolean value="false"/>
          </parameter>
          <parameter>
            <name value="limitedExpansion"/>
            <valueBoolean value="true"/>
          </parameter>
          <parameter>
            <name value="version"/>
            <valueUri value="http://snomed.info/sct|http://snomed.info/sct/900000000000207008/version/20220331"/>
          </parameter>
          <contains>
            <system value="http://snomed.info/sct"/>
            <code value="80248007"/>
            <display value="Left breast"/>
          </contains>
          <contains>
            <system value="http://snomed.info/sct"/>
            <code value="73056007"/>
            <display value="Right breast"/>
          </contains>
        </expansion>
      </ValueSet>
    </resource>
  </entry>
  <entry>
    <fullUrl value="https://www.ehealth.fgov.be/standards/fhir/ValueSet/BeVSBevolkingsonderzoekFollowUpAdvice"/>
    <resource>
      <ValueSet>
        <id value="BeVSBevolkingsonderzoekFollowUpAdvice"/>
        <text>
          <status value="generated"/>
          <div xmlns="http://www.w3.org/1999/xhtml">
            <p>This value set contains 9 concepts</p>
            <div style="border: black 1px dotted; background-color: #EEEEEE; padding: 8px; margin-bottom: 8px">
              <p>Expansion based on: </p>
              <ul>
                <li>
                  <a href="CodeSystem-BeCSBevolkingsonderzoekFollowUpAdvice.html">BeCSBevolkingsonderzoekFollowUpAdvice v1.2.0-draft (CodeSystem)</a>
                </li>
                <li>SNOMED CT International edition 31-Mar 2022</li>
              </ul>
            </div>
            <table class="codes">
              <tr>
                <td style="white-space:nowrap">
                  <b>Code</b>
                </td>
                <td>
                  <b>System</b>
                </td>
                <td>
                  <b>Display</b>
                </td>
              </tr>
              <tr>
                <td style="white-space:nowrap">
                  <a name="http---snomed.info-sct-73761001"> </a>  
                  <a href="http://snomed.info/id/73761001">73761001</a>
                </td>
                <td>http://snomed.info/sct</td>
                <td>Colonoscopy</td>
              </tr>
              <tr>
                <td style="white-space:nowrap">
                  <a name="http---snomed.info-sct-71651007"> </a>  
                  <a href="http://snomed.info/id/71651007">71651007</a>
                </td>
                <td>http://snomed.info/sct</td>
                <td>Mammography</td>
              </tr>
              <tr>
                <td style="white-space:nowrap">
                  <a name="http---snomed.info-sct-43204002"> </a>  
                  <a href="http://snomed.info/id/43204002">43204002</a>
                </td>
                <td>http://snomed.info/sct</td>
                <td>Mammography of both breasts</td>
              </tr>
              <tr>
                <td style="white-space:nowrap">
                  <a name="http---snomed.info-sct-566571000119105"> </a>  
                  <a href="http://snomed.info/id/566571000119105">566571000119105</a>
                </td>
                <td>http://snomed.info/sct</td>
                <td>Mammography of right breast</td>
              </tr>
              <tr>
                <td style="white-space:nowrap">
                  <a name="http---snomed.info-sct-572701000119102"> </a>  
                  <a href="http://snomed.info/id/572701000119102">572701000119102</a>
                </td>
                <td>http://snomed.info/sct</td>
                <td>Mammography of left breast</td>
              </tr>
              <tr>
                <td style="white-space:nowrap">
                  <a name="http---snomed.info-sct-16310003"> </a>  
                  <a href="http://snomed.info/id/16310003">16310003</a>
                </td>
                <td>http://snomed.info/sct</td>
                <td>Echography</td>
              </tr>
              <tr>
                <td style="white-space:nowrap">
                  <a name="http---snomed.info-sct-47079000"> </a>  
                  <a href="http://snomed.info/id/47079000">47079000</a>
                </td>
                <td>http://snomed.info/sct</td>
                <td>Echography of breast</td>
              </tr>
              <tr>
                <td style="white-space:nowrap">
                  <a name="http---snomed.info-sct-308462001"> </a>  
                  <a href="http://snomed.info/id/308462001">308462001</a>
                </td>
                <td>http://snomed.info/sct</td>
                <td>Referral to pathology service</td>
              </tr>
              <tr>
                <td style="white-space:nowrap">
                  <a name="https---www.ehealth.fgov.be-standards-fhir-CodeSystem-BeCSBevolkingsonderzoekFollowUpAdvice-compare-with-previous-mammography"> </a>  
                  <a href="CodeSystem-BeCSBevolkingsonderzoekFollowUpAdvice.html#BeCSBevolkingsonderzoekFollowUpAdvice-compare_with_previous_mammography">compare_with_previous_mammography</a>
                </td>
                <td>https://www.ehealth.fgov.be/standards/fhir/CodeSystem/BeCSBevolkingsonderzoekFollowUpAdvice</td>
                <td>te vergelijken met vorige mammografie</td>
              </tr>
            </table>
          </div>
        </text>
        <url value="https://www.ehealth.fgov.be/standards/fhir/ValueSet/BeVSBevolkingsonderzoekFollowUpAdvice"/>
        <version value="1.2.0-draft"/>
        <name value="BeVSBevolkingsonderzoekFollowUpAdvice"/>
        <status value="draft"/>
        <date value="2022-04-11T16:06:52+00:00"/>
        <publisher value="eHealth Platform"/>
        <contact>
          <name value="eHealth Platform"/>
          <telecom>
            <system value="url"/>
            <value value="http://example.com/committees"/>
          </telecom>
          <telecom>
            <system value="email"/>
            <value value="message-structure@ehealth.fgov.be"/>
          </telecom>
        </contact>
        <contact>
          <name value="Sven Dhaens"/>
          <telecom>
            <system value="email"/>
            <value value="sven.dhaens@axians.com"/>
            <use value="work"/>
          </telecom>
        </contact>
        <contact>
          <name value="Kurt Dhaene"/>
          <telecom>
            <system value="email"/>
            <value value="kurt.dhaene@axians.com"/>
            <use value="work"/>
          </telecom>
        </contact>
        <description value="Possible follow up actions"/>
        <jurisdiction>
          <coding>
            <system value="http://unstats.un.org/unsd/methods/m49/m49.htm"/>
            <code value="056"/>
            <display value="Belgium"/>
          </coding>
        </jurisdiction>
        <expansion>
          <identifier value="urn:uuid:66ce5ad1-1b76-4243-8231-de6815e9872a"/>
          <timestamp value="2022-04-11T16:07:18+00:00"/>
          <total value="9"/>
          <parameter>
            <name value="excludeNested"/>
            <valueBoolean value="false"/>
          </parameter>
          <parameter>
            <name value="limitedExpansion"/>
            <valueBoolean value="true"/>
          </parameter>
          <parameter>
            <name value="version"/>
            <valueUri value="http://snomed.info/sct|http://snomed.info/sct/900000000000207008/version/20220331"/>
          </parameter>
          <parameter>
            <name value="version"/>
            <valueUri value="https://www.ehealth.fgov.be/standards/fhir/CodeSystem/BeCSBevolkingsonderzoekFollowUpAdvice|1.2.0-draft"/>
          </parameter>
          <contains>
            <system value="http://snomed.info/sct"/>
            <code value="73761001"/>
            <display value="Colonoscopy"/>
          </contains>
          <contains>
            <system value="http://snomed.info/sct"/>
            <code value="71651007"/>
            <display value="Mammography"/>
          </contains>
          <contains>
            <system value="http://snomed.info/sct"/>
            <code value="43204002"/>
            <display value="Mammography of both breasts"/>
          </contains>
          <contains>
            <system value="http://snomed.info/sct"/>
            <code value="566571000119105"/>
            <display value="Mammography of right breast"/>
          </contains>
          <contains>
            <system value="http://snomed.info/sct"/>
            <code value="572701000119102"/>
            <display value="Mammography of left breast"/>
          </contains>
          <contains>
            <system value="http://snomed.info/sct"/>
            <code value="16310003"/>
            <display value="Echography"/>
          </contains>
          <contains>
            <system value="http://snomed.info/sct"/>
            <code value="47079000"/>
            <display value="Echography of breast"/>
          </contains>
          <contains>
            <system value="http://snomed.info/sct"/>
            <code value="308462001"/>
            <display value="Referral to pathology service"/>
          </contains>
          <contains>
            <system value="https://www.ehealth.fgov.be/standards/fhir/CodeSystem/BeCSBevolkingsonderzoekFollowUpAdvice"/>
            <code value="compare_with_previous_mammography"/>
            <display value="te vergelijken met vorige mammografie"/>
          </contains>
        </expansion>
      </ValueSet>
    </resource>
  </entry>
  <entry>
    <fullUrl value="https://www.ehealth.fgov.be/standards/fhir/ValueSet/bevolkingsonderzoek-screening-vs"/>
    <resource>
      <ValueSet>
        <id value="bevolkingsonderzoek-screening-vs"/>
        <text>
          <status value="generated"/>
          <div xmlns="http://www.w3.org/1999/xhtml">
            <p>This value set contains 3 concepts</p>
            <p style="border: black 1px dotted; background-color: #EEEEEE; padding: 8px; margin-bottom: 8px">Expansion based on SNOMED CT International edition 31-Mar 2022</p>
            <p>All codes in this table are from the system 
              <a href="http://hl7.org/fhir/R4/codesystem-snomedct.html">
                <code>http://snomed.info/sct</code>
              </a>
            </p>
            <table class="codes">
              <tr>
                <td style="white-space:nowrap">
                  <b>Code</b>
                </td>
                <td>
                  <b>Display</b>
                </td>
              </tr>
              <tr>
                <td style="white-space:nowrap">
                  <a name="http---snomed.info-sct-268547008"> </a>  
                  <a href="http://snomed.info/id/268547008">268547008</a>
                </td>
                <td>Borstkanker</td>
              </tr>
              <tr>
                <td style="white-space:nowrap">
                  <a name="http---snomed.info-sct-762444001"> </a>  
                  <a href="http://snomed.info/id/762444001">762444001</a>
                </td>
                <td>Dikkedarmkanker</td>
              </tr>
              <tr>
                <td style="white-space:nowrap">
                  <a name="http---snomed.info-sct-171149006"> </a>  
                  <a href="http://snomed.info/id/171149006">171149006</a>
                </td>
                <td>Baarmoederhalskanker</td>
              </tr>
            </table>
          </div>
        </text>
        <url value="https://www.ehealth.fgov.be/standards/fhir/ValueSet/bevolkingsonderzoek-screening-vs"/>
        <version value="1.2.0-draft"/>
        <name value="BevolkingsonderzoekScreeningVS"/>
        <title value="Bevolkingsonderzoek Screening VS"/>
        <status value="draft"/>
        <date value="2022-04-11T16:06:52+00:00"/>
        <publisher value="eHealth Platform"/>
        <contact>
          <name value="eHealth Platform"/>
          <telecom>
            <system value="url"/>
            <value value="http://example.com/committees"/>
          </telecom>
          <telecom>
            <system value="email"/>
            <value value="message-structure@ehealth.fgov.be"/>
          </telecom>
        </contact>
        <contact>
          <name value="Sven Dhaens"/>
          <telecom>
            <system value="email"/>
            <value value="sven.dhaens@axians.com"/>
            <use value="work"/>
          </telecom>
        </contact>
        <contact>
          <name value="Kurt Dhaene"/>
          <telecom>
            <system value="email"/>
            <value value="kurt.dhaene@axians.com"/>
            <use value="work"/>
          </telecom>
        </contact>
        <description value="Bevolkingsonderzoek screening types"/>
        <jurisdiction>
          <coding>
            <system value="http://unstats.un.org/unsd/methods/m49/m49.htm"/>
            <code value="056"/>
            <display value="Belgium"/>
          </coding>
        </jurisdiction>
        <expansion>
          <identifier value="urn:uuid:75e2cf3e-098f-485c-ab55-faeb1c33b8fa"/>
          <timestamp value="2022-04-11T16:07:18+00:00"/>
          <total value="3"/>
          <parameter>
            <name value="excludeNested"/>
            <valueBoolean value="false"/>
          </parameter>
          <parameter>
            <name value="limitedExpansion"/>
            <valueBoolean value="true"/>
          </parameter>
          <parameter>
            <name value="version"/>
            <valueUri value="http://snomed.info/sct|http://snomed.info/sct/900000000000207008/version/20220331"/>
          </parameter>
          <contains>
            <system value="http://snomed.info/sct"/>
            <code value="268547008"/>
            <display value="Borstkanker"/>
          </contains>
          <contains>
            <system value="http://snomed.info/sct"/>
            <code value="762444001"/>
            <display value="Dikkedarmkanker"/>
          </contains>
          <contains>
            <system value="http://snomed.info/sct"/>
            <code value="171149006"/>
            <display value="Baarmoederhalskanker"/>
          </contains>
        </expansion>
      </ValueSet>
    </resource>
  </entry>
</Bundle>