{
  "resourceType" : "Bundle",
  "id" : "9bc2d333-857b-4aa0-9e9a-03a5fc836116",
  "meta" : {
    "lastUpdated" : "2022-03-29T08:21:37.608+00:00"
  },
  "type" : "collection",
  "entry" : [{
    "fullUrl" : "https://www.ehealth.fgov.be/standards/fhir/ValueSet/be-bvo-result-vs",
    "resource" : {
      "resourceType" : "ValueSet",
      "id" : "be-bvo-result-vs",
      "text" : {
        "status" : "generated",
        "div" : "<div xmlns=\"http://www.w3.org/1999/xhtml\"><p>This value set contains 2 concepts</p><p style=\"border: black 1px dotted; background-color: #EEEEEE; padding: 8px; margin-bottom: 8px\">Expansion based on SNOMED CT International edition 31-Jul 2021</p><p>All codes in this table are from the system <a href=\"http://terminology.hl7.org/3.1.0/CodeSystem-v3-snomed-CT.html\"><code>http://snomed.info/sct</code></a></p><table class=\"codes\"><tr><td style=\"white-space:nowrap\"><b>Code</b></td><td><b>Display</b></td></tr><tr><td style=\"white-space:nowrap\"><a name=\"http---snomed.info-sct-280415008\"> </a>  <a href=\"http://snomed.info/id/280415008\">280415008</a></td><td>afwijkend</td></tr><tr><td style=\"white-space:nowrap\"><a name=\"http---snomed.info-sct-280413001\"> </a>  <a href=\"http://snomed.info/id/280413001\">280413001</a></td><td>niet afwijkend</td></tr></table></div>"
      },
      "url" : "https://www.ehealth.fgov.be/standards/fhir/ValueSet/be-bvo-result-vs",
      "version" : "1.2.0-draft",
      "name" : "BeBvoResultVS",
      "title" : "Be Bvo Result VS",
      "status" : "active",
      "date" : "2022-03-29T08:21:37+00:00",
      "publisher" : "eHealth Platform",
      "contact" : [{
        "name" : "eHealth Platform",
        "telecom" : [{
          "system" : "url",
          "value" : "http://example.com/committees"
        },
        {
          "system" : "email",
          "value" : "message-structure@ehealth.fgov.be"
        }]
      },
      {
        "name" : "Sven Dhaens",
        "telecom" : [{
          "system" : "email",
          "value" : "sven.dhaens@axians.com",
          "use" : "work"
        }]
      },
      {
        "name" : "Kurt Dhaene",
        "telecom" : [{
          "system" : "email",
          "value" : "kurt.dhaene@axians.com",
          "use" : "work"
        }]
      }],
      "description" : "Result",
      "jurisdiction" : [{
        "coding" : [{
          "system" : "http://unstats.un.org/unsd/methods/m49/m49.htm",
          "code" : "056",
          "display" : "Belgium"
        }]
      }],
      "expansion" : {
        "identifier" : "urn:uuid:6e3f1cfe-9005-4b16-8ae1-040a390ded64",
        "timestamp" : "2022-03-29T08:21:58+00:00",
        "total" : 2,
        "parameter" : [{
          "name" : "excludeNested",
          "valueBoolean" : false
        },
        {
          "name" : "limitedExpansion",
          "valueBoolean" : true
        },
        {
          "name" : "version",
          "valueUri" : "http://snomed.info/sct|http://snomed.info/sct/900000000000207008/version/20210731"
        }],
        "contains" : [{
          "system" : "http://snomed.info/sct",
          "code" : "280415008",
          "display" : "afwijkend"
        },
        {
          "system" : "http://snomed.info/sct",
          "code" : "280413001",
          "display" : "niet afwijkend"
        }]
      }
    }
  },
  {
    "fullUrl" : "https://www.ehealth.fgov.be/standards/fhir/ValueSet/bevolkingsonderzoek-screening-vs",
    "resource" : {
      "resourceType" : "ValueSet",
      "id" : "bevolkingsonderzoek-screening-vs",
      "text" : {
        "status" : "generated",
        "div" : "<div xmlns=\"http://www.w3.org/1999/xhtml\"><p>This value set contains 3 concepts</p><p style=\"border: black 1px dotted; background-color: #EEEEEE; padding: 8px; margin-bottom: 8px\">Expansion based on SNOMED CT International edition 31-Jul 2021</p><p>All codes in this table are from the system <a href=\"http://terminology.hl7.org/3.1.0/CodeSystem-v3-snomed-CT.html\"><code>http://snomed.info/sct</code></a></p><table class=\"codes\"><tr><td style=\"white-space:nowrap\"><b>Code</b></td><td><b>Display</b></td></tr><tr><td style=\"white-space:nowrap\"><a name=\"http---snomed.info-sct-268547008\"> </a>  <a href=\"http://snomed.info/id/268547008\">268547008</a></td><td>Borstkanker</td></tr><tr><td style=\"white-space:nowrap\"><a name=\"http---snomed.info-sct-762444001\"> </a>  <a href=\"http://snomed.info/id/762444001\">762444001</a></td><td>Dikkedarmkanker</td></tr><tr><td style=\"white-space:nowrap\"><a name=\"http---snomed.info-sct-171149006\"> </a>  <a href=\"http://snomed.info/id/171149006\">171149006</a></td><td>Baarmoederhalskanker</td></tr></table></div>"
      },
      "url" : "https://www.ehealth.fgov.be/standards/fhir/ValueSet/bevolkingsonderzoek-screening-vs",
      "version" : "1.2.0-draft",
      "name" : "BevolkingsonderzoekScreeningVS",
      "title" : "Bevolkingsonderzoek Screening VS",
      "status" : "draft",
      "date" : "2022-03-29T08:21:37+00:00",
      "publisher" : "eHealth Platform",
      "contact" : [{
        "name" : "eHealth Platform",
        "telecom" : [{
          "system" : "url",
          "value" : "http://example.com/committees"
        },
        {
          "system" : "email",
          "value" : "message-structure@ehealth.fgov.be"
        }]
      },
      {
        "name" : "Sven Dhaens",
        "telecom" : [{
          "system" : "email",
          "value" : "sven.dhaens@axians.com",
          "use" : "work"
        }]
      },
      {
        "name" : "Kurt Dhaene",
        "telecom" : [{
          "system" : "email",
          "value" : "kurt.dhaene@axians.com",
          "use" : "work"
        }]
      }],
      "description" : "Bevolkingsonderzoek screening types",
      "jurisdiction" : [{
        "coding" : [{
          "system" : "http://unstats.un.org/unsd/methods/m49/m49.htm",
          "code" : "056",
          "display" : "Belgium"
        }]
      }],
      "expansion" : {
        "identifier" : "urn:uuid:a0211e90-3310-4a95-a4e3-d032a4cfb044",
        "timestamp" : "2022-03-29T08:22:00+00:00",
        "total" : 3,
        "parameter" : [{
          "name" : "excludeNested",
          "valueBoolean" : false
        },
        {
          "name" : "limitedExpansion",
          "valueBoolean" : true
        },
        {
          "name" : "version",
          "valueUri" : "http://snomed.info/sct|http://snomed.info/sct/900000000000207008/version/20210731"
        }],
        "contains" : [{
          "system" : "http://snomed.info/sct",
          "code" : "268547008",
          "display" : "Borstkanker"
        },
        {
          "system" : "http://snomed.info/sct",
          "code" : "762444001",
          "display" : "Dikkedarmkanker"
        },
        {
          "system" : "http://snomed.info/sct",
          "code" : "171149006",
          "display" : "Baarmoederhalskanker"
        }]
      }
    }
  }]
}