<?xml version="1.0" encoding="UTF-8"?>

<Observation xmlns="http://hl7.org/fhir">
  <id value="BK-3-invitation-participation-negative-example-observation"/>
  <meta>
    <profile value="https://www.ehealth.fgov.be/standards/fhir/StructureDefinition/be-bvo-observation"/>
  </meta>
  <text>
    <status value="extensions"/><div xmlns="http://www.w3.org/1999/xhtml"><p><b>Generated Narrative</b></p><div style="display: inline-block; background-color: #d9e0e7; padding: 6px; margin: 4px; border: 1px solid #8da1b4; border-radius: 5px; line-height: 60%"><p style="margin-bottom: 0px">Resource "BK-3-invitation-participation-negative-example-observation" </p><p style="margin-bottom: 0px">Profile: <a href="StructureDefinition-be-bvo-observation.html">Be Bvo Observation</a></p></div><p><b>Episode of Care</b>: <a href="EpisodeOfCare-BK-3-invitation-participation-negative-example-episode.html">EpisodeOfCare/BK-3-invitation-participation-negative-example-episode</a></p><p><b>status</b>: FINAL</p><p><b>code</b>: Niet afwijkend <span style="background: LightGoldenRodYellow; margin: 4px; border: 1px solid khaki"> (<a href="https://browser.ihtsdotools.org/">SNOMED CT</a>#280413001)</span></p><p><b>subject</b>: <a href="Patient-JaneDoe.html">Patient/JaneDoe</a> " DOE"</p><p><b>encounter</b>: <a href="Encounter-BK-3-invitation-participation-negative-example-encounter.html">Encounter/BK-3-invitation-participation-negative-example-encounter</a></p></div>
  </text>
  <extension url="http://hl7.org/fhir/StructureDefinition/workflow-episodeOfCare">
    <valueReference>
      <reference value="EpisodeOfCare/BK-3-invitation-participation-negative-example-episode"/>
    </valueReference>
  </extension>
  <status value="FINAL"/>
  <code>
    <coding>
      <system value="http://snomed.info/sct"/>
      <code value="280413001"/>
      <display value="Niet afwijkend"/>
    </coding>
    <text value="Niet afwijkend"/>
  </code>
  <subject>
    <reference value="Patient/JaneDoe"/>
  </subject>
  <encounter>
    <reference value="Encounter/BK-3-invitation-participation-negative-example-encounter"/>
  </encounter>
</Observation>