<?xml version="1.0" encoding="UTF-8"?>

<Observation xmlns="http://hl7.org/fhir">
  <id value="PositiveBreastCancerResult"/>
  <meta>
    <profile value="https://www.ehealth.fgov.be/standards/fhir/StructureDefinition/be-bvo-observation"/>
  </meta>
  <text>
    <status value="extensions"/><div xmlns="http://www.w3.org/1999/xhtml"><p><b>Generated Narrative</b></p><div style="display: inline-block; background-color: #d9e0e7; padding: 6px; margin: 4px; border: 1px solid #8da1b4; border-radius: 5px; line-height: 60%"><p style="margin-bottom: 0px">Resource "PositiveBreastCancerResult" </p><p style="margin-bottom: 0px">Profile: <a href="StructureDefinition-be-bvo-observation.html">Be Bvo Observation</a></p></div><p><b>Episode of Care</b>: <a href="EpisodeOfCare-exampleEpisodeBevolkingsonderzoek.html">EpisodeOfCare/exampleEpisodeBevolkingsonderzoek</a></p><p><b>status</b>: final</p><p><b>code</b>: Abnormal result <span style="background: LightGoldenRodYellow; margin: 4px; border: 1px solid khaki"> (<a href="https://browser.ihtsdotools.org/">SNOMED CT</a>#280415008)</span></p><p><b>encounter</b>: <a href="Encounter-BreastCancerEncounterExample.html">Encounter/BreastCancerEncounterExample</a></p></div>
  </text>
  <extension url="http://hl7.org/fhir/StructureDefinition/workflow-episodeOfCare">
    <valueReference>
      <reference value="EpisodeOfCare/exampleEpisodeBevolkingsonderzoek"/>
    </valueReference>
  </extension>
  <status value="final"/>
  <code>
    <coding>
      <system value="http://snomed.info/sct"/>
      <code value="280415008"/>
    </coding>
  </code>
  <encounter>
    <reference value="Encounter/BreastCancerEncounterExample"/>
  </encounter>
</Observation>