{
  "resourceType": "Observation",
  "id": "BK-4-participation-negative-example-observation",
  "meta": {
    "profile": [
      "https://www.ehealth.fgov.be/standards/fhir/StructureDefinition/be-bvo-observation"
    ]
  },
  "text": {
    "status": "extensions",
    "div": "<div xmlns=\"http://www.w3.org/1999/xhtml\"><p><b>Generated Narrative</b></p><div style=\"display: inline-block; background-color: #d9e0e7; padding: 6px; margin: 4px; border: 1px solid #8da1b4; border-radius: 5px; line-height: 60%\"><p style=\"margin-bottom: 0px\">Resource \"BK-4-participation-negative-example-observation\" </p><p style=\"margin-bottom: 0px\">Profile: <a href=\"StructureDefinition-be-bvo-observation.html\">Be Bvo Observation</a></p></div><p><b>Episode of Care</b>: <a href=\"EpisodeOfCare/3237640\">EpisodeOfCare/3237640</a></p><p><b>status</b>: final</p><p><b>code</b>: Niet afwijkend <span style=\"background: LightGoldenRodYellow; margin: 4px; border: 1px solid khaki\"> (<a href=\"https://browser.ihtsdotools.org/\">SNOMED CT</a>#280413001)</span></p><p><b>subject</b>: <a href=\"Patient-JaneDoe.html\">Patient/JaneDoe</a> \" DOE\"</p><p><b>encounter</b>: <a href=\"1\">1</a></p></div>"
  },
  "contained": [
    {
      "resourceType": "Encounter",
      "id": "1",
      "extension": [
        {
          "url": "http://hl7.org/fhir/StructureDefinition/workflow-episodeOfCare",
          "valueReference": {
            "reference": "EpisodeOfCare/3237640"
          }
        }
      ],
      "status": "finished",
      "class": {
        "system": "http://terminology.hl7.org/CodeSystem/v3-ActCode",
        "code": "#AMB"
      },
      "subject": {
        "reference": "Patient/JaneDoe"
      },
      "episodeOfCare": [
        {
          "reference": "EpisodeOfCare/3237640"
        }
      ],
      "period": {
        "start": "2021-07-17T00:00:00+02:00",
        "end": "2021-07-17T23:59:00+02:00"
      },
      "location": [
        {
          "location": {
            "reference": "#1"
          }
        }
      ]
    },
    {
      "resourceType": "Location",
      "id": "1",
      "name": "AZ Jan Palfijn Gent",
      "address": {
        "text": "HENRI DUNANTLAAN 5, 9000 GENT",
        "line": [
          "HENRI DUNANTLAAN 5, 9000 GENT"
        ]
      }
    }
  ],
  "extension": [
    {
      "url": "http://hl7.org/fhir/StructureDefinition/workflow-episodeOfCare",
      "valueReference": {
        "reference": "EpisodeOfCare/3237640"
      }
    }
  ],
  "status": "final",
  "code": {
    "coding": [
      {
        "system": "http://snomed.info/sct",
        "code": "280413001",
        "display": "Niet afwijkend"
      }
    ],
    "text": "Niet afwijkend"
  },
  "subject": {
    "reference": "Patient/JaneDoe"
  },
  "encounter": {
    "reference": "1"
  }
}