<?xml version="1.0" encoding="UTF-8"?>

<Patient xmlns="http://hl7.org/fhir">
  <id value="exampleMaleBePatient"/>
  <meta>
    <profile value="https://www.ehealth.fgov.be/standards/fhir/StructureDefinition/be-patient"/>
  </meta>
  <text>
    <status value="generated"/><div xmlns="http://www.w3.org/1999/xhtml"><p><b>Bauer Jack </b> male, DoB Unknown ( id: 12345)</p></div>
  </text>
  <identifier>
    <system value="https://www.ehealth.fgov.be/standards/fhir/NamingSystem/ssin"/>
    <value value="12345"/>
  </identifier>
  <name>
    <family value="Jack"/>
    <given value="Bauer"/>
  </name>
  <gender value="male"/>
</Patient>