{
  "resourceType": "Patient",
  "id": "exampleMaleBePatient",
  "meta": {
    "profile": [
      "https://www.ehealth.fgov.be/standards/fhir/StructureDefinition/be-patient"
    ]
  },
  "text": {
    "status": "generated",
    "div": "<div xmlns=\"http://www.w3.org/1999/xhtml\"><p><b>Bauer Jack </b> male, DoB Unknown ( id: 12345)</p></div>"
  },
  "identifier": [
    {
      "system": "https://www.ehealth.fgov.be/standards/fhir/NamingSystem/ssin",
      "value": "12345"
    }
  ],
  "name": [
    {
      "family": "Jack",
      "given": [
        "Bauer"
      ]
    }
  ],
  "gender": "male"
}