<?xml version="1.0" encoding="UTF-8"?>

<ServiceRequest xmlns="http://hl7.org/fhir">
  <id value="BK-5-negative-example-advice-2"/>
  <meta>
    <profile value="https://www.ehealth.fgov.be/standards/fhir/StructureDefinition/be-bevolkingsonderzoek-follow-up"/>
  </meta>
  <text>
    <status value="extensions"/><div xmlns="http://www.w3.org/1999/xhtml"><p><b>Generated Narrative</b></p><div style="display: inline-block; background-color: #d9e0e7; padding: 6px; margin: 4px; border: 1px solid #8da1b4; border-radius: 5px; line-height: 60%"><p style="margin-bottom: 0px">Resource "BK-5-negative-example-advice-2" </p><p style="margin-bottom: 0px">Profile: <a href="StructureDefinition-be-bevolkingsonderzoek-follow-up.html">Be Bevolkingsonderzoek Follow Up</a></p></div><p><b>Episode of Care</b>: <a href="EpisodeOfCare-BK-5-negative-example-episode.html">EpisodeOfCare/BK-5-negative-example-episode</a></p><p><b>status</b>: active</p><p><b>intent</b>: proposal</p><p><b>code</b>: Echografie <span style="background: LightGoldenRodYellow; margin: 4px; border: 1px solid khaki"> (<a href="https://browser.ihtsdotools.org/">SNOMED CT</a>#16310003)</span></p><p><b>subject</b>: <a href="Patient-JaneDoe.html">Patient/JaneDoe</a> " DOE"</p><p><b>bodySite</b>: Rechts <span style="background: LightGoldenRodYellow; margin: 4px; border: 1px solid khaki"> (<a href="https://browser.ihtsdotools.org/">SNOMED CT</a>#280413001)</span>, Links <span style="background: LightGoldenRodYellow; margin: 4px; border: 1px solid khaki"> (<a href="https://browser.ihtsdotools.org/">SNOMED CT</a>#280415008)</span></p><p><b>patientInstruction</b>: Echografie</p></div>
  </text>
  <extension url="http://hl7.org/fhir/StructureDefinition/workflow-episodeOfCare">
    <valueReference>
      <reference value="EpisodeOfCare/BK-5-negative-example-episode"/>
    </valueReference>
  </extension>
  <status value="active"/>
  <intent value="proposal"/>
  <code>
    <coding>
      <system value="http://snomed.info/sct"/>
      <code value="16310003"/>
      <display value="Echografie"/>
    </coding>
    <text value="Echografie"/>
  </code>
  <subject>
    <reference value="Patient/JaneDoe"/>
  </subject>
  <bodySite>
    <coding>
      <system value="http://snomed.info/sct"/>
      <code value="280413001"/>
      <display value="Rechts"/>
    </coding>
    <text value="Rechts"/>
  </bodySite>
  <bodySite>
    <coding>
      <system value="http://snomed.info/sct"/>
      <code value="280415008"/>
      <display value="Links"/>
    </coding>
    <text value="Links"/>
  </bodySite>
  <patientInstruction value="Echografie"/>
</ServiceRequest>