<?xml version="1.0" encoding="UTF-8"?>

<ValueSet xmlns="http://hl7.org/fhir">
  <id value="be-bvo-result-vs"/>
  <text>
    <status value="generated"/><div xmlns="http://www.w3.org/1999/xhtml"><ul><li>Include these codes as defined in <a href="http://www.snomed.org/"><code>http://snomed.info/sct</code></a><table class="none"><tr><td style="white-space:nowrap"><b>Code</b></td><td><b>Display</b></td></tr><tr><td><a href="http://snomed.info/id/280415008">280415008</a></td><td>afwijkend</td></tr><tr><td><a href="http://snomed.info/id/280413001">280413001</a></td><td>niet afwijkend</td></tr></table></li></ul></div>
  </text>
  <url value="https://www.ehealth.fgov.be/standards/fhir/ValueSet/be-bvo-result-vs"/>
  <version value="1.2.0-draft"/>
  <name value="BeBvoResultVS"/>
  <title value="Be Bvo Result VS"/>
  <status value="active"/>
  <date value="2022-03-29T10:12:25+00:00"/>
  <publisher value="eHealth Platform"/>
  <contact>
    <name value="eHealth Platform"/>
    <telecom>
      <system value="url"/>
      <value value="http://example.com/committees"/>
    </telecom>
    <telecom>
      <system value="email"/>
      <value value="message-structure@ehealth.fgov.be"/>
    </telecom>
  </contact>
  <contact>
    <name value="Sven Dhaens"/>
    <telecom>
      <system value="email"/>
      <value value="sven.dhaens@axians.com"/>
      <use value="work"/>
    </telecom>
  </contact>
  <contact>
    <name value="Kurt Dhaene"/>
    <telecom>
      <system value="email"/>
      <value value="kurt.dhaene@axians.com"/>
      <use value="work"/>
    </telecom>
  </contact>
  <description value="Result"/>
  <jurisdiction>
    <coding>
      <system value="http://unstats.un.org/unsd/methods/m49/m49.htm"/>
      <code value="056"/>
      <display value="Belgium"/>
    </coding>
  </jurisdiction>
  <compose>
    <include>
      <system value="http://snomed.info/sct"/>
      <concept>
        <code value="280415008"/>
        <display value="afwijkend"/>
      </concept>
      <concept>
        <code value="280413001"/>
        <display value="niet afwijkend"/>
      </concept>
    </include>
  </compose>
</ValueSet>