<?xml version="1.0" encoding="UTF-8"?>

<ValueSet xmlns="http://hl7.org/fhir">
  <id value="BeVSBevolkingsonderzoekFollowUpAdvice"/>
  <text>
    <status value="generated"/><div xmlns="http://www.w3.org/1999/xhtml"><p>This value set includes codes based on the following rules:</p><ul><li>Include these codes as defined in <code>http://snomed.info/sct/</code><table class="none"><tr><td style="white-space:nowrap"><b>Code</b></td><td><b>Display</b></td></tr><tr><td>73761001</td><td>Colonoscopy</td></tr><tr><td>71651007</td><td>Mammography</td></tr><tr><td>43204002</td><td>Mammography of both breasts</td></tr><tr><td>566571000119105</td><td>Mammography of right breast</td></tr><tr><td>572701000119102</td><td>Mammography of left breast</td></tr><tr><td>16310003</td><td>Echography</td></tr><tr><td>47079000</td><td>Echography of breast</td></tr><tr><td>308462001</td><td>Referral to pathology service</td></tr></table></li><li>Include these codes as defined in <a href="CodeSystem-BeCSBevolkingsonderzoekFollowUpAdvice.html"><code>https://www.ehealth.fgov.be/standards/fhir/CodeSystem/BeCSBevolkingsonderzoekFollowUpAdvice</code></a><table class="none"><tr><td style="white-space:nowrap"><b>Code</b></td><td><b>Display</b></td></tr><tr><td><a href="CodeSystem-BeCSBevolkingsonderzoekFollowUpAdvice.html#BeCSBevolkingsonderzoekFollowUpAdvice-compare_with_previous_mammography">compare_with_previous_mammography</a></td><td>te vergelijken met vorige mammografie</td></tr></table></li></ul></div>
  </text>
  <url value="https://www.ehealth.fgov.be/standards/fhir/ValueSet/BeVSBevolkingsonderzoekFollowUpAdvice"/>
  <version value="1.2.0-draft"/>
  <name value="BeVSBevolkingsonderzoekFollowUpAdvice"/>
  <status value="draft"/>
  <date value="2022-03-30T15:39:36+00:00"/>
  <publisher value="eHealth Platform"/>
  <contact>
    <name value="eHealth Platform"/>
    <telecom>
      <system value="url"/>
      <value value="http://example.com/committees"/>
    </telecom>
    <telecom>
      <system value="email"/>
      <value value="message-structure@ehealth.fgov.be"/>
    </telecom>
  </contact>
  <contact>
    <name value="Sven Dhaens"/>
    <telecom>
      <system value="email"/>
      <value value="sven.dhaens@axians.com"/>
      <use value="work"/>
    </telecom>
  </contact>
  <contact>
    <name value="Kurt Dhaene"/>
    <telecom>
      <system value="email"/>
      <value value="kurt.dhaene@axians.com"/>
      <use value="work"/>
    </telecom>
  </contact>
  <description value="Possible follow up actions"/>
  <jurisdiction>
    <coding>
      <system value="http://unstats.un.org/unsd/methods/m49/m49.htm"/>
      <code value="056"/>
      <display value="Belgium"/>
    </coding>
  </jurisdiction>
  <compose>
    <include>
      <system value="http://snomed.info/sct/"/>
      <concept>
        <code value="73761001"/>
        <display value="Colonoscopy"/>
      </concept>
      <concept>
        <code value="71651007"/>
        <display value="Mammography"/>
      </concept>
      <concept>
        <code value="43204002"/>
        <display value="Mammography of both breasts"/>
      </concept>
      <concept>
        <code value="566571000119105"/>
        <display value="Mammography of right breast"/>
      </concept>
      <concept>
        <code value="572701000119102"/>
        <display value="Mammography of left breast"/>
      </concept>
      <concept>
        <code value="16310003"/>
        <display value="Echography"/>
      </concept>
      <concept>
        <code value="47079000"/>
        <display value="Echography of breast"/>
      </concept>
      <concept>
        <code value="308462001"/>
        <display value="Referral to pathology service"/>
      </concept>
    </include>
    <include>
      <system value="https://www.ehealth.fgov.be/standards/fhir/CodeSystem/BeCSBevolkingsonderzoekFollowUpAdvice"/>
      <concept>
        <code value="compare_with_previous_mammography"/>
      </concept>
    </include>
  </compose>
</ValueSet>