{
  "resourceType": "ValueSet",
  "id": "BeVSBevolkingsonderzoekFollowUpAdvice",
  "text": {
    "status": "generated",
    "div": "<div xmlns=\"http://www.w3.org/1999/xhtml\"><p>This value set includes codes based on the following rules:</p><ul><li>Include these codes as defined in <a href=\"http://www.snomed.org/\"><code>http://snomed.info/sct</code></a><table class=\"none\"><tr><td style=\"white-space:nowrap\"><b>Code</b></td><td><b>Display</b></td></tr><tr><td><a href=\"http://snomed.info/id/73761001\">73761001</a></td><td>Colonoscopy</td></tr><tr><td><a href=\"http://snomed.info/id/71651007\">71651007</a></td><td>Mammography</td></tr><tr><td><a href=\"http://snomed.info/id/43204002\">43204002</a></td><td>Mammography of both breasts</td></tr><tr><td><a href=\"http://snomed.info/id/566571000119105\">566571000119105</a></td><td>Mammography of right breast</td></tr><tr><td><a href=\"http://snomed.info/id/572701000119102\">572701000119102</a></td><td>Mammography of left breast</td></tr><tr><td><a href=\"http://snomed.info/id/16310003\">16310003</a></td><td>Echography</td></tr><tr><td><a href=\"http://snomed.info/id/47079000\">47079000</a></td><td>Echography of breast</td></tr><tr><td><a href=\"http://snomed.info/id/308462001\">308462001</a></td><td>Referral to pathology service</td></tr></table></li><li>Include these codes as defined in <a href=\"CodeSystem-BeCSBevolkingsonderzoekFollowUpAdvice.html\"><code>https://www.ehealth.fgov.be/standards/fhir/CodeSystem/BeCSBevolkingsonderzoekFollowUpAdvice</code></a><table class=\"none\"><tr><td style=\"white-space:nowrap\"><b>Code</b></td><td><b>Display</b></td></tr><tr><td><a href=\"CodeSystem-BeCSBevolkingsonderzoekFollowUpAdvice.html#BeCSBevolkingsonderzoekFollowUpAdvice-compare_with_previous_mammography\">compare_with_previous_mammography</a></td><td>te vergelijken met vorige mammografie</td></tr></table></li></ul></div>"
  },
  "url": "https://www.ehealth.fgov.be/standards/fhir/ValueSet/BeVSBevolkingsonderzoekFollowUpAdvice",
  "version": "1.2.0-draft",
  "name": "BeVSBevolkingsonderzoekFollowUpAdvice",
  "status": "draft",
  "date": "2022-04-06T16:28:25+00:00",
  "publisher": "eHealth Platform",
  "contact": [
    {
      "name": "eHealth Platform",
      "telecom": [
        {
          "system": "url",
          "value": "http://example.com/committees"
        },
        {
          "system": "email",
          "value": "message-structure@ehealth.fgov.be"
        }
      ]
    },
    {
      "name": "Sven Dhaens",
      "telecom": [
        {
          "system": "email",
          "value": "sven.dhaens@axians.com",
          "use": "work"
        }
      ]
    },
    {
      "name": "Kurt Dhaene",
      "telecom": [
        {
          "system": "email",
          "value": "kurt.dhaene@axians.com",
          "use": "work"
        }
      ]
    }
  ],
  "description": "Possible follow up actions",
  "jurisdiction": [
    {
      "coding": [
        {
          "system": "http://unstats.un.org/unsd/methods/m49/m49.htm",
          "code": "056",
          "display": "Belgium"
        }
      ]
    }
  ],
  "compose": {
    "include": [
      {
        "system": "http://snomed.info/sct",
        "concept": [
          {
            "code": "73761001",
            "display": "Colonoscopy"
          },
          {
            "code": "71651007",
            "display": "Mammography"
          },
          {
            "code": "43204002",
            "display": "Mammography of both breasts"
          },
          {
            "code": "566571000119105",
            "display": "Mammography of right breast"
          },
          {
            "code": "572701000119102",
            "display": "Mammography of left breast"
          },
          {
            "code": "16310003",
            "display": "Echography"
          },
          {
            "code": "47079000",
            "display": "Echography of breast"
          },
          {
            "code": "308462001",
            "display": "Referral to pathology service"
          }
        ]
      },
      {
        "system": "https://www.ehealth.fgov.be/standards/fhir/CodeSystem/BeCSBevolkingsonderzoekFollowUpAdvice",
        "concept": [
          {
            "code": "compare_with_previous_mammography"
          }
        ]
      }
    ]
  }
}