{
  "resourceType": "Appointment",
  "id": "BreastCancerScreeningAppointment",
  "meta": {
    "profile": [
      "https://www.ehealth.fgov.be/standards/fhir/StructureDefinition/be-bvo-appointment"
    ]
  },
  "text": {
    "status": "extensions",
    "div": "<div xmlns=\"http://www.w3.org/1999/xhtml\"><p><b>Generated Narrative</b></p><div style=\"display: inline-block; background-color: #d9e0e7; padding: 6px; margin: 4px; border: 1px solid #8da1b4; border-radius: 5px; line-height: 60%\"><p style=\"margin-bottom: 0px\">Resource \"BreastCancerScreeningAppointment\" </p><p style=\"margin-bottom: 0px\">Profile: <a href=\"StructureDefinition-be-bvo-appointment.html\">Be Bvo Appointment</a></p></div><p><b>Episode of Care</b>: <a href=\"EpisodeOfCare-exampleEpisodeBevolkingsonderzoek.html\">EpisodeOfCare/exampleEpisodeBevolkingsonderzoek</a></p><p><b>status</b>: booked</p><p><b>start</b>: Mar 15, 2022, 8:15:00 AM</p><blockquote><p><b>participant</b></p><p><b>actor</b>: <a href=\"examplePatient\">examplePatient</a></p><p><b>status</b>: tentative</p></blockquote><blockquote><p><b>participant</b></p><p><b>actor</b>: <a name=\"mammographicUnit\"> </a></p><blockquote><div style=\"display: inline-block; background-color: #d9e0e7; padding: 6px; margin: 4px; border: 1px solid #8da1b4; border-radius: 5px; line-height: 60%\"><p style=\"margin-bottom: 0px\">Resource \"mammographicUnit\" </p><p style=\"margin-bottom: 0px\">Profile: <a href=\"StructureDefinition-be-bvo-location.html\">Be Bvo Location</a></p></div><p><b>name</b>: Mammografic unit example name</p><p><b>address</b>: Verlorenbroodstraat 122, 9820 Merelbeke</p></blockquote><p><b>status</b>: accepted</p></blockquote></div>"
  },
  "contained": [
    {
      "resourceType": "Location",
      "id": "mammographicUnit",
      "meta": {
        "profile": [
          "https://www.ehealth.fgov.be/standards/fhir/StructureDefinition/be-bvo-location"
        ]
      },
      "name": "Mammografic unit example name",
      "address": {
        "extension": [
          {
            "url": "http://hl7.org/fhir/StructureDefinition/language",
            "valueCode": "nl"
          }
        ],
        "text": "Verlorenbroodstraat 122, 9820 Merelbeke",
        "line": [
          "Verlorenbroodstraat 122"
        ],
        "_line": [
          {
            "extension": [
              {
                "url": "http://hl7.org/fhir/StructureDefinition/iso21090-ADXP-streetName",
                "valueString": "Verlorenbroodstraat"
              },
              {
                "url": "http://hl7.org/fhir/StructureDefinition/iso21090-ADXP-houseNumber",
                "valueString": "122"
              }
            ]
          }
        ],
        "city": "Merelbeke",
        "postalCode": "9820",
        "country": "BE"
      }
    }
  ],
  "extension": [
    {
      "url": "http://hl7.org/fhir/StructureDefinition/workflow-episodeOfCare",
      "valueReference": {
        "reference": "EpisodeOfCare/exampleEpisodeBevolkingsonderzoek"
      }
    }
  ],
  "status": "booked",
  "start": "2022-03-15T10:15:00.000+02:00",
  "participant": [
    {
      "actor": {
        "reference": "examplePatient"
      },
      "status": "tentative"
    },
    {
      "actor": {
        "reference": "#mammographicUnit"
      },
      "status": "accepted"
    }
  ]
}