{
  "resourceType": "ValueSet",
  "id": "BeBevolkingsonderzoekFollowUpOnderzoek",
  "text": {
    "status": "generated",
    "div": "<div xmlns=\"http://www.w3.org/1999/xhtml\"><ul><li>Include these codes as defined in <code>http://axians.be/</code><table class=\"none\"><tr><td style=\"white-space:nowrap\"><b>Code</b></td><td><b>Display</b></td></tr><tr><td>colonoscopy</td><td>Colonoscopy</td></tr></table></li></ul></div>"
  },
  "url": "https://www.ehealth.fgov.be/standards/fhir/ValueSet/BeBevolkingsonderzoekFollowUpOnderzoek",
  "version": "1.2.0-draft",
  "name": "BeBevolkingsonderzoekFollowUpOnderzoek",
  "status": "active",
  "date": "2022-02-25T16:33:50+00:00",
  "publisher": "eHealth Platform",
  "contact": [
    {
      "name": "eHealth Platform",
      "telecom": [
        {
          "system": "url",
          "value": "http://example.com/committees"
        },
        {
          "system": "email",
          "value": "message-structure@ehealth.fgov.be"
        }
      ]
    },
    {
      "name": "Sven Dhaens",
      "telecom": [
        {
          "system": "email",
          "value": "sven.dhaens@axians.com",
          "use": "work"
        }
      ]
    },
    {
      "name": "Kurt Dhaene",
      "telecom": [
        {
          "system": "email",
          "value": "kurt.dhaene@axians.com",
          "use": "work"
        }
      ]
    }
  ],
  "description": "Mogelijk aangeraden vervolgonderzoek",
  "jurisdiction": [
    {
      "coding": [
        {
          "system": "http://unstats.un.org/unsd/methods/m49/m49.htm",
          "code": "056",
          "display": "Belgium"
        }
      ]
    }
  ],
  "compose": {
    "include": [
      {
        "system": "http://axians.be/",
        "concept": [
          {
            "code": "colonoscopy",
            "display": "Colonoscopy"
          }
        ]
      }
    ]
  }
}